draw,date,n1,n2,n3,n4,n5,bonus,w1,w2,w3,w4,p1,p2,p3,p4
1,1999/4/13,01,03,17,20,25,26,29,46,2331,59593,6090500,275800,9400,900
2,1999/4/27,02,11,12,21,30,28,11,35,1672,50969,16868900,380800,13800,1100
3,1999/5/11,01,08,10,24,30,28,17,34,2014,58581,11481000,412400,12000,1000
4,1999/5/25,11,12,14,20,31,29,5,35,1055,43664,38866300,398800,22900,1400
5,1999/6/8,08,09,15,21,25,23,18,54,2029,61713,11107000,265900,12200,1000
6,1999/6/22,02,11,16,24,29,04,70,239,4162,80366,3181000,66900,6600,900
7,1999/7/6,03,24,25,26,31,02,3,57,1289,61193,40000000,2381300,23000,1200
8,1999/7/20,22,24,25,28,30,21,16,77,1677,42022,13732500,205000,16300,1700
9,1999/8/3,02,11,12,13,28,15,27,93,2856,72169,7304600,152300,8500,800
10,1999/8/17,08,19,21,23,30,05,15,121,2004,61949,13787900,122700,12800,1000
11,1999/8/31,17,18,19,20,30,31,39,216,3872,60056,6090900,79000,7600,1200
12,1999/9/14,05,09,13,16,19,21,25,111,2845,81806,9913700,160400,10800,900
13,1999/9/28,06,11,18,25,28,20,31,107,2956,77460,7272900,151300,9400,900
14,1999/10/5,02,21,24,26,29,28,8,105,2533,84846,38358600,209900,15000,1100
15,1999/10/12,06,08,17,23,24,22,22,101,3053,97823,15686200,245400,14000,1100
16,1999/10/19,02,20,24,26,27,23,12,95,3047,102614,31351600,284500,15300,1100
17,1999/10/26,10,18,20,25,27,01,13,102,3208,106936,30661600,280700,15400,1200
18,1999/11/2,01,14,16,23,25,27,33,174,3684,108958,12129100,165200,13500,1100
19,1999/11/9,02,09,10,22,27,01,27,93,4040,110687,13931700,290500,11500,1100
20,1999/11/16,14,20,22,25,30,15,12,62,3178,108390,30271600,420900,14200,1000
21,1999/11/23,03,15,22,25,31,06,28,148,4075,112640,12298200,167100,10500,900
22,1999/11/30,04,06,26,28,30,14,15,126,3397,114601,24195100,206900,13300,1000
23,1999/12/7,02,13,18,22,26,15,64,245,5588,125031,5557600,104200,7900,900
24,1999/12/14,12,14,19,26,28,15,42,168,5561,129060,8360500,150100,7800,800
25,1999/12/21,02,03,07,18,29,15,23,205,3528,107304,14986500,120700,12100,1000
26,1999/12/28,07,08,09,14,15,04,29,105,2650,81092,11475400,227600,15600,1300
27,2000/1/4,10,16,20,21,31,14,11,51,1939,52650,19359100,299900,13600,1300
28,2000/1/11,02,09,15,22,29,11,169,246,5731,115723,1808600,89200,6600,800
29,2000/1/18,09,12,17,26,31,15,35,115,3393,89208,9199800,201100,11800,1100
30,2000/1/25,10,15,17,18,30,16,14,153,2792,95188,23589600,155000,14700,1100
31,2000/2/1,14,20,21,24,28,17,48,143,5426,125934,7450400,179600,8200,900
32,2000/2/8,02,11,13,16,24,20,58,203,7887,149489,6182900,126900,5600,700
33,2000/2/15,02,03,08,09,30,23,40,154,4541,122287,8494000,158500,9300,900
34,2000/2/22,04,09,18,28,29,12,21,156,3387,103477,16278000,157400,12500,1000
35,2000/2/29,10,11,18,24,26,29,36,152,4668,121945,9526000,162000,9100,900
36,2000/3/7,04,08,15,16,21,25,21,149,3640,107295,16559300,167600,11800,1000
37,2000/3/14,06,07,10,16,31,20,22,76,2400,81544,15298000,318100,17400,1300
38,2000/3/21,11,16,17,19,31,04,20,99,2627,80223,16095700,233600,15200,1300
39,2000/3/28,01,09,15,26,30,11,40,166,4812,118786,8493800,147000,8700,900
40,2000/4/4,04,16,24,25,27,05,15,162,3494,110129,22189700,147600,11800,900
41,2000/4/11,10,16,19,22,26,29,18,113,3465,92628,18664400,213500,12000,1100
42,2000/4/18,02,05,19,24,31,28,41,128,3998,103578,8504600,195700,10800,1000
43,2000/4/25,03,06,11,16,30,05,49,175,5492,136168,7206100,144900,8000,800
44,2000/5/2,05,18,20,25,27,11,31,265,5167,115465,11095300,93200,8200,900
45,2000/5/9,07,13,19,24,26,11,66,247,5639,122343,5005000,96000,7200,800
46,2000/5/16,02,10,22,23,26,06,20,137,3181,106903,16662200,174700,13000,1000
47,2000/5/23,02,06,08,17,29,10,25,119,4354,110963,13449900,202900,9600,900
48,2000/5/30,02,09,11,13,31,18,30,126,3937,113943,11032400,188700,10400,900
49,2000/6/6,10,13,14,23,25,12,18,105,2615,80713,18106800,222900,15500,1300
50,2000/6/13,04,05,06,08,10,26,45,112,5020,88156,7044100,203300,7800,1100
51,2000/6/20,05,07,15,16,31,02,27,162,3213,94738,12090200,144700,12600,1100
52,2000/6/27,04,10,12,26,31,20,34,131,4241,108153,10237500,190800,10200,1000
53,2000/7/4,04,13,14,15,17,30,11,101,2791,90223,31294500,244800,15300,1200
54,2000/7/11,04,05,15,18,21,16,17,120,3143,99527,20822700,211900,14000,1100
55,2000/7/18,04,10,11,18,31,03,33,184,5455,128742,10451200,134600,7800,800
56,2000/7/25,01,03,07,10,27,16,26,124,4854,109063,12673400,190900,8400,900
57,2000/8/1,03,21,23,27,29,13,20,102,3542,84799,16055000,226100,11200,1200
58,2000/8/8,01,02,04,10,24,20,49,109,3717,114650,6289500,203100,10300,800
59,2000/8/15,09,15,20,21,22,10,10,122,2262,78935,27502900,161900,15100,1100
60,2000/8/22,16,17,22,23,26,30,19,73,2521,78895,16178700,302500,15100,1200
61,2000/8/29,09,23,24,29,30,05,24,112,3403,94527,13161700,202600,11500,1000
62,2000/9/5,05,10,13,17,29,06,50,138,5198,112845,6375300,165900,7600,900
63,2000/9/12,03,05,06,22,28,01,35,114,3250,96929,8803200,194100,11800,1000
64,2000/9/19,05,10,11,12,23,15,28,120,4963,119695,11153900,186900,7800,800
65,2000/9/26,08,09,10,17,23,15,28,193,3831,105720,11200700,116700,10100,900
66,2000/10/3,05,06,12,17,20,01,17,97,3198,91444,17255000,217200,11400,1000
67,2000/10/10,04,05,08,14,27,06,24,116,3094,86884,10774300,160100,10400,900
68,2000/10/17,05,06,21,22,24,11,24,105,2542,73630,10944900,179700,12800,1100
69,2000/10/24,05,06,09,23,30,02,24,115,3395,98110,10841600,162500,9500,800
70,2000/10/31,01,05,07,17,21,15,13,114,2655,75049,19962300,163500,12100,1100
71,2000/11/7,11,17,18,22,30,02,19,197,2590,77166,13770200,95400,12500,1100
72,2000/11/14,08,10,24,28,30,12,25,124,3085,84111,10670400,154500,10700,1000
73,2000/11/21,04,06,08,26,30,07,12,80,3287,83569,21830600,235200,9900,1000
74,2000/11/28,04,06,16,22,28,09,51,255,5725,102875,5305500,76200,5800,800
75,2000/12/5,07,14,16,17,29,01,11,80,2872,87058,24654600,243500,11700,1000
76,2000/12/12,06,11,13,16,23,03,23,161,2776,86149,11891000,122000,12200,1000
77,2000/12/19,02,03,10,22,26,23,22,313,3619,101016,12593700,63500,9500,800
78,2000/12/26,04,11,19,20,22,28,26,153,2932,78611,10495400,128100,11500,1100
79,2001/1/9,02,13,16,26,30,11,25,257,3864,100823,10769500,75200,8600,800
80,2001/1/16,07,10,13,18,22,04,19,129,2742,80041,13419300,141900,11500,1000
81,2001/1/23,01,07,10,16,25,18,30,82,2583,75927,8829500,232000,12700,1100
82,2001/1/30,01,03,11,27,30,08,17,125,2722,78991,15829000,154600,12300,1100
83,2001/2/6,01,06,11,23,26,03,22,165,3562,91051,12618700,120800,9700,900
84,2001/2/13,01,15,29,30,31,16,18,70,2163,58714,14744500,272300,15200,1400
85,2001/2/20,09,11,14,20,29,02,13,186,3358,82258,21042400,105600,10100,1000
86,2001/2/27,02,08,13,20,24,09,46,140,4284,98353,5946900,140300,7900,900
87,2001/3/6,01,05,12,23,27,14,63,1324,4710,99192,4327800,14700,7200,800
88,2001/3/13,04,19,26,27,30,03,10,74,2956,89735,25805700,250500,10800,900
89,2001/3/20,05,07,24,27,29,14,13,86,2393,75811,19086400,207200,12900,1000
90,2001/3/27,06,12,14,21,27,15,40,151,4024,88290,6813200,129600,8400,1000
91,2001/4/3,08,09,15,18,22,03,23,187,3097,86798,11348300,100200,10400,900
92,2001/4/10,02,03,11,22,30,31,53,141,5290,113832,5030200,135800,6200,700
93,2001/4/17,11,15,22,26,27,08,18,174,3536,96418,14861600,110400,9400,900
94,2001/4/24,16,19,20,26,29,27,12,59,1772,61076,22678600,331300,19100,1400
95,2001/5/1,04,05,07,08,31,26,11,135,2511,73742,23930900,140000,13000,1100
96,2001/5/8,01,05,06,14,27,17,21,109,3852,95375,12646500,175000,8500,900
97,2001/5/15,06,12,15,19,22,03,30,131,2908,81261,8715400,143300,11100,1000
98,2001/5/22,01,02,09,11,20,04,13,86,2591,79913,19958500,216700,12400,1000
99,2001/5/29,03,07,10,13,15,26,16,156,2985,90508,16450600,121200,10900,900
100,2001/6/5,11,12,19,20,31,03,26,91,2864,71567,10194100,209200,11500,1200
101,2001/6/12,02,10,11,13,26,22,70,1159,6652,115192,3656000,15800,4700,700
102,2001/6/19,05,10,11,25,28,23,33,152,3458,89399,7904400,123200,9300,900
103,2001/6/26,10,13,19,21,30,14,20,87,2969,80150,13450100,222100,11200,1000
104,2001/7/3,03,04,07,21,30,31,15,70,3367,86500,18099500,278600,10000,1000
105,2001/7/10,06,11,14,21,27,20,48,205,4802,103130,5696100,95800,7000,800
106,2001/7/17,03,05,11,12,18,02,20,90,3229,93164,12980600,207200,10000,900
107,2001/7/24,04,08,12,26,27,18,38,200,4217,96224,6588200,89900,7300,800
108,2001/7/31,06,10,20,27,29,19,16,130,2857,79259,15888100,140400,11000,1000
109,2001/8/7,03,05,15,19,22,25,22,112,3448,87025,11260900,158900,8900,900
110,2001/8/14,03,07,13,22,27,02,49,132,4384,86450,4536000,120900,6300,800
111,2001/8/21,10,19,24,27,31,06,17,129,2165,68961,14284000,135200,13900,1100
112,2001/8/28,05,07,15,26,27,01,36,178,4460,106196,7450800,108200,7400,800
113,2001/9/4,01,02,06,16,28,04,20,91,2947,82827,13579700,214400,11400,1000
114,2001/9/11,03,05,06,07,11,08,34,142,4683,123086,7539900,129600,6800,600
115,2001/9/18,10,15,29,30,31,16,17,119,2811,77158,15659100,160700,11700,1100
116,2001/9/25,02,07,13,18,23,11,21,160,3249,79527,12332600,116200,9900,1000
117,2001/10/2,05,11,12,23,24,03,41,235,4648,113307,6557000,82100,7200,700
118,2001/10/9,02,04,12,20,23,14,18,85,2509,74008,14373500,218600,12800,1100
119,2001/10/16,12,14,25,29,30,05,11,131,2306,74615,24662800,148700,14600,1100
120,2001/10/23,08,12,14,18,27,24,22,136,3212,92838,12769000,148300,10800,900
121,2001/10/30,05,17,18,24,30,20,40,85,4582,103368,7575400,256100,8200,900
122,2001/11/6,01,08,23,27,28,09,11,82,2356,79430,27039800,260500,15700,1200
123,2001/11/13,01,05,06,13,15,21,23,102,3138,94455,13030200,211000,11800,1000
124,2001/11/20,05,07,17,19,27,09,38,161,4377,115587,7898400,133900,8500,800
125,2001/11/27,02,21,22,27,29,24,23,99,2749,87188,13130500,219100,13600,1100
126,2001/12/4,07,16,18,22,25,21,30,102,4584,93133,10023900,211800,8100,1000
127,2001/12/11,08,09,18,29,31,24,28,100,2881,79205,10831800,217800,13100,1200
128,2001/12/18,03,06,22,24,27,26,24,171,4200,113968,12614400,127100,8900,800
129,2001/12/25,02,13,20,25,30,12,29,173,3913,97858,10222300,123100,9400,900
130,2002/1/8,03,04,11,17,26,05,32,172,4415,116329,9784200,130700,8800,800
131,2002/1/15,01,09,12,18,21,15,30,116,3027,84522,9818600,182400,12100,1100
132,2002/1/22,07,13,17,19,24,18,33,87,4538,104524,9191400,250400,8300,900
133,2002/1/29,04,07,11,18,31,27,26,224,3874,98217,12020000,100200,10000,1000
134,2002/2/5,04,05,13,16,18,20,19,77,3075,97295,16508600,292600,12700,1000
135,2002/2/12,04,07,08,09,24,20,21,90,3048,93399,14793100,247900,12600,1000
136,2002/2/19,05,11,14,18,28,08,23,146,3724,114334,13753200,155600,10500,900
137,2002/2/26,03,15,20,25,28,30,25,107,3419,96330,12719300,213400,11500,1000
138,2002/3/5,01,04,21,30,31,16,25,118,2612,76668,12469000,189700,14800,1300
139,2002/3/12,14,17,20,26,28,23,19,95,2484,82695,16476500,236700,15600,1200
140,2002/3/19,08,09,17,20,29,06,17,121,2895,80749,18030600,181900,13100,1200
141,2002/3/26,04,06,09,20,24,16,18,149,3387,95316,17067000,148100,11200,1000
142,2002/4/2,10,11,24,25,30,08,28,163,4732,111508,11087500,136800,8100,900
143,2002/4/9,17,18,20,23,26,06,15,132,2309,74783,20277400,165500,16400,1300
144,2002/4/16,04,13,14,19,28,05,30,160,3633,106654,10219400,137600,10500,900
145,2002/4/23,13,14,19,24,28,03,12,122,3565,84490,25940900,183300,10800,1200
146,2002/4/30,01,06,11,12,18,08,36,103,4666,111823,8498700,213400,8100,800
147,2002/5/7,05,10,21,27,28,02,37,159,4041,108337,8106500,135500,9200,900
148,2002/5/14,02,07,19,26,31,24,42,137,3741,91536,7342100,161700,10200,1000
149,2002/5/21,05,06,17,27,28,20,35,166,4300,113839,8612200,130400,8700,800
150,2002/5/28,02,11,16,24,26,04,95,222,5701,114175,3177600,97600,6500,800
151,2002/6/4,04,10,13,14,19,12,30,78,7586,101232,9715800,268400,4700,900
152,2002/6/11,01,02,11,22,30,27,30,173,5114,99633,9433000,117500,6800,900
153,2002/6/18,02,03,08,23,29,06,13,97,4542,98429,21614600,208100,7700,900
154,2002/6/25,02,10,16,19,22,17,20,89,3261,85921,14876500,240100,11300,1100
155,2002/7/2,09,10,16,21,23,04,21,156,2967,88329,14535700,140500,12800,1100
156,2002/7/9,02,03,13,19,31,15,8,75,2834,90132,37293700,285700,13100,1000
157,2002/7/16,01,05,14,18,20,06,60,128,3384,98216,5058400,170300,11100,1000
158,2002/7/23,03,14,16,20,31,25,25,120,2414,73573,11519300,172400,14800,1200
159,2002/7/30,07,11,16,23,24,13,28,132,4452,110595,10224100,155800,8000,800
160,2002/8/6,04,23,24,30,31,27,8,70,2155,71243,34873300,286300,16100,1200
161,2002/8/13,02,03,04,17,19,08,12,102,2796,84234,21909200,185100,11700,1000
162,2002/8/20,06,14,17,23,31,20,35,123,3352,80387,7888200,161200,10200,1100
163,2002/8/27,01,12,13,16,28,31,36,105,3603,96685,8183800,201500,10100,900
164,2002/9/3,07,09,16,26,30,28,14,108,2911,90179,21346300,198700,12700,1000
165,2002/9/10,09,16,24,25,26,20,26,64,3085,88388,11557700,337300,12100,1100
166,2002/9/17,08,13,21,24,28,16,23,237,3310,94826,12287600,85600,10600,900
167,2002/9/24,11,19,20,25,26,23,18,88,3028,82403,16037000,235600,11800,1100
168,2002/10/1,02,08,11,16,30,17,46,165,5225,114747,6247300,125100,6800,800
169,2002/10/8,08,15,18,25,31,13,20,98,2729,78685,14584400,213800,13300,1200
170,2002/10/15,02,07,14,20,22,05,33,90,3897,92080,8674100,228400,9100,1000
171,2002/10/22,02,06,09,12,31,17,14,98,2562,81213,21139900,216900,14300,1100
172,2002/10/29,01,04,14,21,28,03,23,104,4200,91178,13064500,207500,8900,1000
173,2002/11/5,11,18,20,22,29,10,18,99,2953,86477,16024000,209300,12100,1000
174,2002/11/12,01,03,08,21,22,02,19,90,2631,84301,15702600,238100,14100,1100
175,2002/11/19,08,12,17,19,24,05,33,291,4216,102840,8978700,73100,8700,900
176,2002/11/26,12,14,24,26,30,18,15,153,2688,85958,19706000,138700,13600,1100
177,2002/12/3,07,13,17,21,30,20,41,99,3461,89096,7274600,216400,10700,1000
178,2002/12/10,03,24,26,28,31,20,13,64,2428,81994,22532700,328800,15000,1100
179,2002/12/17,01,07,26,30,31,12,23,118,2453,78950,13339100,186700,15500,1200
180,2002/12/24,17,18,19,21,28,22,13,84,2479,82612,23089700,256700,15000,1100
181,2003/1/7,01,03,14,16,26,12,26,164,4227,102558,12209100,139000,9300,1000
182,2003/1/14,02,10,14,23,24,06,26,131,3327,96538,11759500,167600,11400,1000
183,2003/1/21,03,09,13,25,26,07,47,197,4997,113350,6608600,113200,7700,800
184,2003/1/28,02,10,23,30,31,16,10,338,3111,97091,31655200,67200,12600,1000
185,2003/2/4,07,19,20,25,28,02,25,171,3939,100711,12796200,134400,10100,1000
186,2003/2/11,08,12,20,21,25,22,38,91,3570,89997,7852400,235500,10400,1000
187,2003/2/18,04,06,17,24,25,01,32,104,4069,105089,9988500,220700,9700,900
188,2003/2/25,07,16,24,25,28,30,41,163,5023,119148,7820800,141300,7900,800
189,2003/3/4,09,16,22,25,26,03,50,257,4936,106939,6333100,88500,7900,900
190,2003/3/11,04,05,21,27,29,02,25,77,3361,94224,12736700,297000,11700,1100
191,2003/3/18,01,06,08,12,13,02,16,107,3332,95394,19780100,212400,11800,1000
192,2003/3/25,06,07,10,11,17,03,26,133,3402,100789,11907500,167200,11300,1000
193,2003/4/1,06,08,18,20,22,11,21,132,2905,86438,14813000,169300,13300,1100
194,2003/4/8,03,06,15,17,23,01,40,91,4488,108707,7667500,242100,8500,900
195,2003/4/15,01,02,06,15,23,21,26,88,3608,98795,12151600,257900,10900,1000
196,2003/4/22,02,04,14,21,22,16,42,233,4087,109167,7514700,97300,9600,900
197,2003/4/29,08,18,20,21,31,01,18,95,2936,78829,16226700,220800,12300,1200
198,2003/5/6,13,20,21,25,28,14,18,143,3774,96782,16944400,153200,10000,1000
199,2003/5/13,01,09,21,26,29,25,12,80,2297,79761,26572800,286300,17200,1300
200,2003/5/20,01,04,12,13,18,25,35,148,3192,91665,9035000,153500,12300,1100
201,2003/5/27,03,05,23,25,26,17,30,256,4076,110637,10628000,89400,9700,900
202,2003/6/3,06,10,11,18,31,25,45,214,4087,106227,6972100,105300,9500,900
203,2003/6/10,04,10,18,22,25,20,45,129,3885,102362,6758500,169300,9700,900
204,2003/6/17,07,18,22,24,29,09,15,142,3536,97139,20038200,152000,10500,1000
205,2003/6/24,03,04,13,14,23,12,69,170,3368,97020,4397100,128200,11200,1000
206,2003/7/1,06,08,12,27,31,24,27,154,3367,95234,11578600,145800,11500,1000
207,2003/7/8,03,04,10,16,25,07,20,132,3799,107927,15840500,172400,10300,900
208,2003/7/15,06,10,13,16,17,29,19,148,3088,99609,16562900,152700,12600,1000
209,2003/7/22,07,17,23,27,29,12,26,178,4378,104431,11395000,119500,8400,900
210,2003/7/29,09,10,18,19,29,21,40,147,4349,90869,7643500,149400,8700,1000
211,2003/8/5,09,10,13,18,22,15,32,108,3681,102374,9141300,194500,9800,900
212,2003/8/12,01,05,10,14,30,26,18,116,2548,76100,15639200,174300,13700,1200
213,2003/8/19,01,02,03,09,29,27,18,93,3020,86436,16502700,229400,12200,1100
214,2003/8/26,02,08,16,18,28,12,67,276,6308,125574,4516500,78700,5900,700
215,2003/9/2,04,15,20,21,28,16,37,158,3719,94039,8266700,139000,10200,1000
216,2003/9/9,03,07,13,16,17,02,30,110,4808,112953,10002300,195900,7700,800
217,2003/9/16,02,08,17,19,23,21,46,142,4577,105395,6283200,146200,7800,800
218,2003/9/23,09,16,24,25,29,23,48,153,4298,97891,5752200,129600,7900,900
219,2003/9/30,01,15,17,21,28,06,17,153,2696,83945,17649600,140800,13800,1100
220,2003/10/7,09,10,11,21,29,05,41,146,4354,106227,7260800,146400,8500,900
221,2003/10/14,04,08,14,22,26,09,34,104,4133,99223,8093100,190000,8200,900
222,2003/10/21,10,18,21,26,28,09,22,262,3282,96339,13581300,81900,11300,1000
223,2003/10/28,04,10,16,19,22,21,37,151,5714,98948,8132300,143100,6500,900
224,2003/11/4,12,16,27,30,31,14,25,70,3465,82546,11611100,297900,10400,1100
225,2003/11/11,13,14,18,24,26,16,24,85,3134,89958,12491200,253300,11900,1000
226,2003/11/18,04,12,14,26,30,28,33,203,4218,100408,9236600,107800,8900,900
227,2003/11/25,02,04,07,21,30,20,15,109,2481,76229,19058600,188400,14300,1200
228,2003/12/2,10,17,21,24,27,02,37,137,3280,99329,8253700,160100,11500,1000
229,2003/12/9,12,19,23,24,30,06,33,190,2980,89737,9216300,114900,12700,1100
230,2003/12/16,04,16,17,25,26,19,64,174,5741,127224,4832700,127700,6700,700
231,2003/12/23,03,04,10,11,24,28,31,200,4625,108085,9241500,102900,7700,800
232,2003/12/30,03,12,20,24,26,31,26,115,3758,100453,11252200,182700,9600,900
233,2004/1/6,08,14,19,21,29,25,28,120,3187,80332,9633000,161400,10500,1000
234,2004/1/13,16,18,22,23,26,02,25,181,4182,106316,11889400,117900,8800,900
235,2004/1/20,05,06,16,17,31,08,25,108,3106,88568,12505600,207900,12500,1100
236,2004/1/27,14,17,23,24,29,03,26,171,4006,103847,12232000,133600,9800,900
237,2004/2/3,06,08,17,18,28,20,78,151,6111,126695,4084300,151500,6400,800
238,2004/2/10,13,15,17,22,25,26,28,257,3843,101080,11373600,89000,10300,1000
239,2004/2/17,16,18,21,23,27,31,34,75,4882,114199,9365000,305000,8100,900
240,2004/2/24,02,06,14,28,29,11,35,133,4376,101184,8967100,169500,8900,1000
241,2004/3/2,01,02,04,13,26,07,18,119,3492,101791,17473900,189800,11200,1000
242,2004/3/9,05,12,23,27,31,14,23,184,4027,102709,13464500,120900,9500,900
243,2004/3/16,04,11,15,27,28,01,44,115,7183,118862,7008100,192600,5300,800
244,2004/3/23,06,11,21,22,25,15,24,123,3292,97451,12380400,173500,11200,900
245,2004/3/30,01,10,14,21,28,23,47,105,3982,89790,6384800,205300,9300,1000
246,2004/4/6,01,12,15,20,23,04,33,163,2901,82832,9153300,133100,12900,1100
247,2004/4/13,07,11,19,27,31,02,41,182,3538,91647,7320300,118400,10500,1000
248,2004/4/20,04,13,16,24,29,12,78,220,6369,124697,3861100,98300,5800,700
249,2004/4/27,09,11,12,18,20,07,24,91,2993,87119,12114300,229500,12000,1000
250,2004/5/4,01,03,11,12,31,22,27,121,3185,74924,9291200,148900,9800,1000
251,2004/5/11,01,03,19,20,23,28,24,96,2568,73461,12296000,220800,14300,1300
252,2004/5/18,12,18,24,27,31,22,25,87,3866,95420,11521100,237800,9200,900
253,2004/5/25,01,03,10,21,25,29,28,118,2924,86212,10284600,175300,12200,1000
254,2004/6/1,03,07,22,25,29,27,31,103,3593,94078,9187600,198600,9800,900
255,2004/6/8,12,17,20,27,29,18,21,89,2727,83401,13221400,224100,12600,1000
256,2004/6/15,05,09,15,16,27,28,29,184,4155,95624,9810900,111000,8500,900
257,2004/6/22,02,09,12,20,31,10,19,85,2577,73193,14706700,236100,13500,1200
258,2004/6/29,04,06,09,19,22,05,29,97,3129,86806,10037800,215500,11500,1000
259,2004/7/6,05,07,11,12,23,17,60,182,5125,115172,4631000,109600,6700,700
260,2004/7/13,06,07,17,19,23,28,49,150,3707,98354,5572500,130700,9100,900
261,2004/7/20,02,03,05,14,29,18,10,94,2358,75413,25798200,197100,13600,1100
262,2004/7/27,05,19,23,27,28,02,20,131,3648,95778,13382700,146700,9100,900
263,2004/8/3,15,25,28,30,31,02,15,93,1924,63955,17632800,204300,17100,1300
264,2004/8/10,02,04,07,25,30,15,24,118,2847,79610,10468800,152900,10900,1000
265,2004/8/17,01,03,24,26,28,21,17,76,2709,76174,15005700,241100,11700,1000
266,2004/8/24,03,08,25,28,31,06,19,105,3690,94718,14047900,182600,9000,900
267,2004/8/31,08,14,15,19,25,31,30,160,3159,83339,8873500,119500,10400,1000
268,2004/9/7,17,18,20,27,31,13,19,85,2045,66358,13679800,219600,15800,1200
269,2004/9/14,03,07,20,23,29,16,40,225,3570,93057,6826100,87100,9500,900
270,2004/9/21,09,10,11,14,19,21,13,96,2363,73686,20034000,194900,13700,1100
271,2004/9/28,06,13,15,24,31,20,37,86,3929,80782,7274300,224800,8500,1000
272,2004/10/5,04,16,21,28,29,09,28,310,4555,99611,9346900,60600,7100,800
273,2004/10/12,03,05,07,11,17,23,29,292,4163,104060,8742000,62300,7500,700
274,2004/10/19,07,08,09,16,25,12,26,146,3576,86151,10293100,131600,9300,1000
275,2004/10/26,11,16,17,21,22,19,20,66,2661,81514,13412000,291900,12500,1000
276,2004/11/2,12,16,19,20,23,11,39,202,4762,98254,7132500,98900,7200,900
277,2004/11/9,04,14,16,19,22,10,16,254,2910,84958,17511600,79200,11900,1000
278,2004/11/16,08,12,13,14,24,16,10,200,2851,86014,28194000,101200,12300,1000
279,2004/11/23,02,07,19,23,25,11,43,223,4024,96125,5986300,82900,7900,800
280,2004/11/30,04,09,13,15,19,12,17,94,3331,87860,16608000,215700,10500,1000
281,2004/12/7,05,07,11,13,21,27,38,197,3829,103121,7439100,103000,9100,800
282,2004/12/14,01,02,18,27,29,13,17,97,2440,74344,16662500,209700,14400,1200
283,2004/12/21,11,15,19,20,29,01,15,88,2628,78689,18924100,231700,13400,1100
284,2004/12/28,01,05,08,11,18,30,30,140,3437,88976,9528900,146600,10300,1000
285,2005/1/4,08,17,19,24,26,16,26,95,2923,64835,7630900,150000,8400,900
286,2005/1/11,14,15,20,22,30,02,20,87,2401,68848,13655200,225500,14100,1200
287,2005/1/18,02,07,14,19,21,01,42,104,4732,100398,6878000,199500,7600,900
288,2005/1/25,06,16,21,29,31,18,17,125,2709,82021,17475700,170700,13600,1100
289,2005/2/1,05,06,11,24,28,18,29,210,4043,99863,9970600,98900,8900,900
290,2005/2/8,03,08,11,23,30,05,40,173,4743,109396,7197400,119500,7500,800
291,2005/2/15,04,08,21,23,26,22,29,103,3109,89249,9948300,201200,11500,1000
292,2005/2/22,02,07,13,25,31,17,48,198,4756,102544,5984900,104200,7500,900
293,2005/3/1,14,15,16,24,25,12,23,107,2853,80698,12479700,192700,12500,1100
294,2005/3/8,14,23,26,29,31,28,6,70,2793,81308,40000000,995500,12800,1100
295,2005/3/15,08,14,16,17,26,05,26,245,4387,109606,11197400,85300,8200,800
296,2005/3/22,08,14,18,24,29,19,38,176,3985,100977,7159900,111000,8500,800
297,2005/3/29,05,09,18,25,30,31,45,135,4188,97486,6305600,151000,8400,900
298,2005/4/5,08,10,12,15,22,16,17,99,2890,81964,16389100,202100,12000,1100
299,2005/4/12,02,09,15,26,31,11,47,142,3547,89194,6410500,152400,10500,1100
300,2005/4/19,10,13,16,22,28,07,45,206,4474,95087,6424100,100800,8000,900
301,2005/4/26,05,11,16,26,31,12,52,156,4483,107605,5500900,131700,7900,800
302,2005/5/3,06,07,09,14,20,22,10,87,2109,66227,25458000,210200,15000,1200
303,2005/5/10,13,14,16,19,25,01,19,87,3396,96539,15129200,237300,10500,900
304,2005/5/17,03,10,11,14,20,17,17,96,2621,82852,16713200,212600,13400,1100
305,2005/5/24,10,11,13,16,24,22,23,172,4575,102505,12214700,117300,7600,800
306,2005/5/31,17,20,23,24,31,11,22,122,2662,78414,12903500,167100,13200,1100
307,2005/6/7,02,10,15,21,28,12,54,132,3409,82805,5180800,152200,10200,1100
308,2005/6/14,01,13,17,22,27,16,36,116,3367,91133,7450000,166100,9900,900
309,2005/6/21,08,14,17,22,23,01,37,98,4758,105910,7572300,205300,7300,800
310,2005/6/28,06,14,17,24,25,11,35,199,4199,102848,8108500,102400,8400,800
311,2005/7/5,02,17,19,28,29,10,18,90,2394,76267,15815700,227200,14800,1200
312,2005/7/12,07,12,17,18,21,11,23,152,3673,98384,12565100,136500,9700,900
313,2005/7/19,01,07,26,27,31,30,18,112,2562,71890,15149100,174900,13200,1200
314,2005/7/26,02,07,16,18,20,28,22,116,2635,81083,12510800,170400,13000,1100
315,2005/8/2,07,11,15,28,31,14,37,131,3681,96522,7512300,152400,9400,900
316,2005/8/9,24,25,28,29,30,27,15,75,1866,60187,17697300,254200,17700,1400
317,2005/8/16,08,10,11,22,23,12,54,218,4241,93759,4698000,83600,7400,800
318,2005/8/23,09,18,19,30,31,16,35,103,3401,77015,7963800,194400,10200,1100
319,2005/8/30,03,20,21,22,27,09,12,142,2882,88416,23277200,141300,12000,1000
320,2005/9/6,06,07,13,28,30,12,20,212,2943,84228,13491900,91400,11400,1000
321,2005/9/13,02,11,18,21,27,15,20,108,3465,92547,14100400,187500,10100,900
322,2005/9/20,05,08,10,28,31,02,14,104,2871,84432,19488700,188400,11800,1000
323,2005/9/27,05,15,19,22,27,29,26,106,3809,91988,10959800,193100,9300,1000
324,2005/10/4,05,06,13,29,30,17,37,198,3391,89475,7569100,101600,10200,1000
325,2005/10/11,08,11,13,15,28,22,29,235,4247,108127,9407400,83400,7900,800
326,2005/10/18,01,03,06,11,25,12,20,179,3082,86206,14347500,115100,11500,1000
327,2005/10/25,08,14,19,25,28,16,43,258,4874,105793,6951700,83200,7600,900
328,2005/11/1,01,02,11,12,18,08,18,166,3599,96204,16572100,129000,10300,1000
329,2005/11/8,05,14,15,17,29,10,19,109,3876,103197,15262900,191100,9300,900
330,2005/11/15,03,13,15,19,24,08,23,204,3169,94856,12588200,101900,11300,900
331,2005/11/22,06,19,21,29,30,24,14,69,2614,80065,21391600,311800,14200,1200
332,2005/11/29,04,09,24,28,29,25,22,85,3866,96420,13705300,254800,9700,1000
333,2005/12/6,19,21,22,26,28,24,17,78,2290,76342,17382100,272100,16000,1200
334,2005/12/13,07,12,22,23,25,13,30,272,3718,105737,9879000,78200,9900,900
335,2005/12/20,14,16,23,25,31,22,28,111,3348,91230,10782300,195400,11200,1000
336,2005/12/27,10,14,20,27,28,08,22,235,3605,96181,13641500,91700,10300,1000
337,2006/1/10,04,07,21,22,23,15,19,174,3146,94214,16779400,131600,12600,1100
338,2006/1/17,01,03,19,21,27,09,39,122,3226,89640,8056100,185000,12100,1100
339,2006/1/24,04,09,11,15,23,26,44,204,4688,113114,7020700,108700,8200,800
340,2006/1/31,10,14,18,23,25,31,40,148,3810,102960,7826500,151900,10200,900
341,2006/2/7,02,05,17,18,26,03,61,166,5197,110429,5053900,133400,7300,900
342,2006/2/14,02,15,24,25,27,09,14,148,2827,89977,21474500,145900,13200,1000
343,2006/2/21,06,10,15,27,30,08,27,127,3744,94391,11290300,172400,10100,1000
344,2006/2/28,04,09,13,21,23,31,27,177,5114,110610,11398900,124900,7400,900
345,2006/3/7,07,14,16,17,29,18,58,120,4710,117486,5438800,188800,8300,800
346,2006/3/14,04,14,18,26,31,03,29,147,3557,96618,10435700,147900,10500,1000
347,2006/3/21,10,11,20,23,27,13,27,144,3433,92435,10160100,136800,9900,900
348,2006/3/28,08,09,11,12,18,23,19,150,3641,104632,15486000,140900,10000,900
349,2006/4/4,03,05,06,07,12,18,29,142,3717,100726,10284200,150800,9900,900
350,2006/4/11,03,09,22,24,28,27,11,97,3502,92415,26748600,217900,10400,1000
351,2006/4/18,03,06,11,12,27,26,73,221,6299,131909,4300700,102000,6200,700
352,2006/4/25,05,07,14,17,30,29,24,221,3643,104583,12929600,100800,10600,900
353,2006/5/2,03,13,14,17,25,18,34,148,4728,111666,8934700,147400,7900,800
354,2006/5/9,03,06,17,19,30,01,44,114,3751,97105,6864700,190300,10000,1000
355,2006/5/16,08,09,24,27,29,31,22,72,2997,94136,13593200,298300,12400,1000
356,2006/5/23,06,11,17,19,22,21,40,134,4408,110216,7321000,157000,8200,800
357,2006/5/30,15,24,26,28,29,16,12,90,2299,80797,24816400,237700,16100,1200
358,2006/6/6,04,13,18,27,31,23,41,175,4431,103083,7113700,119700,8100,900
359,2006/6/13,03,11,15,18,19,22,16,179,3656,105524,17876000,114700,9700,800
360,2006/6/20,06,11,20,27,28,05,48,201,4709,111447,6193700,106200,7800,800
361,2006/6/27,02,04,06,12,30,05,19,88,3173,89734,15696000,243400,11700,1000
362,2006/7/4,04,17,19,20,31,07,21,143,2409,75721,13895100,146500,15000,1200
363,2006/7/11,04,10,12,17,22,16,23,102,3373,92276,12695200,205600,10700,1000
364,2006/7/18,05,09,13,20,23,18,24,222,3216,86065,11358800,88200,10500,1000
365,2006/7/25,06,10,18,27,28,14,23,196,3676,103329,12403200,104500,9600,800
366,2006/8/1,02,11,14,19,30,03,27,182,3536,99703,10595200,112900,10000,900
367,2006/8/8,04,06,14,19,31,09,26,139,3582,93456,10518900,141300,9500,900
368,2006/8/15,01,08,17,28,29,06,13,107,2815,82089,19395700,169200,11100,1000
369,2006/8/22,04,10,23,29,30,31,25,82,2852,82520,11460000,251000,12500,1100
370,2006/8/29,10,12,16,26,28,21,21,120,2886,83307,13767300,173000,12400,1100
371,2006/9/5,10,12,19,23,31,27,21,126,2907,85265,13957500,167100,12500,1100
372,2006/9/12,01,05,22,25,30,12,33,140,2729,78301,9003400,152400,13500,1200
373,2006/9/19,03,05,11,12,29,22,61,189,5172,118360,4622100,107100,6700,700
374,2006/9/26,09,17,27,28,29,08,16,180,3492,103774,18225500,116300,10300,900
375,2006/10/3,01,10,20,23,24,16,12,88,2221,70443,24528700,240200,16500,1300
376,2006/10/10,07,13,21,25,28,02,39,245,4383,95834,7255400,82900,8000,900
377,2006/10/17,01,12,20,21,30,06,19,129,2672,74940,15665600,165700,13800,1200
378,2006/10/24,06,08,15,21,24,05,27,94,3322,87663,11045400,227900,11100,1100
379,2006/10/31,02,08,15,19,28,26,45,185,4645,102008,6749400,117900,8100,900
380,2006/11/7,02,11,12,17,31,15,19,107,4102,106851,15582900,198700,8900,900
381,2006/11/14,03,09,19,22,23,21,41,141,4165,101921,7117200,148600,8700,900
382,2006/11/21,07,09,11,14,23,19,29,148,3745,100421,9962100,140200,9600,900
383,2006/11/28,04,07,09,17,31,12,22,146,3476,95871,13011400,140800,10200,900
384,2006/12/5,04,09,15,25,29,05,29,147,3929,96846,9995400,141600,9100,900
385,2006/12/12,06,14,20,24,27,03,32,141,3361,86712,9087000,148100,10700,1000
386,2006/12/19,01,03,05,07,23,14,23,117,3883,99801,12837200,181200,9400,900
387,2006/12/26,16,26,28,29,30,11,9,92,2695,79495,32280800,226800,13400,1100
388,2007/1/9,04,08,19,27,31,11,57,272,5046,118243,5506300,82800,7700,800
389,2007/1/16,08,11,13,27,30,06,23,154,4162,101356,13113900,140700,9000,900
390,2007/1/23,11,14,23,29,30,20,37,106,4250,111144,8111500,203400,8700,800
391,2007/1/30,01,10,15,30,31,21,181,373,5421,98234,1700400,59200,7000,1000
392,2007/2/6,03,13,15,25,30,26,45,125,4166,101465,6713500,173600,9000,900
393,2007/2/13,15,17,18,22,30,11,12,114,2437,78026,23982100,181300,14700,1200
394,2007/2/20,02,05,21,27,31,25,15,91,3110,93643,19882600,235400,11900,1000
395,2007/2/27,06,21,22,23,31,03,13,109,2292,75444,23188300,198600,16300,1300
396,2007/3/6,01,06,21,25,28,22,22,63,2924,83593,13574700,340500,12700,1100
397,2007/3/13,01,14,17,24,25,29,21,90,2609,76901,13927300,233400,13900,1200
398,2007/3/20,10,17,25,27,31,26,18,88,3114,90575,16163900,237500,11600,1000
399,2007/3/27,07,13,23,27,31,08,43,133,4772,111052,6834500,158700,7600,800
400,2007/4/3,12,20,22,24,25,26,13,55,2003,68373,22289300,378400,18000,1300
401,2007/4/10,11,13,18,26,30,06,28,232,3870,98980,10472300,90800,9400,900
402,2007/4/17,10,20,22,24,27,08,15,134,2377,74458,19449900,156400,15200,1200
403,2007/4/24,02,05,16,30,31,18,22,110,3070,88847,13626500,195700,12100,1000
404,2007/5/1,01,08,11,26,28,24,27,111,3364,89486,10487200,183200,10400,1000
405,2007/5/8,08,09,13,27,31,17,39,204,4924,108386,7464000,102500,7300,800
406,2007/5/15,05,13,19,28,29,01,18,143,3866,95781,15817700,143000,9100,900
407,2007/5/22,05,15,21,22,31,10,35,206,3448,92402,8208300,100100,10300,1000
408,2007/5/29,07,12,22,26,30,04,28,177,3798,91273,10254800,116500,9400,1000
409,2007/6/5,02,11,19,27,28,05,48,232,4419,108455,5964500,88600,8000,800
410,2007/6/12,03,10,19,20,31,15,29,108,3385,89715,9616900,185500,10200,1000
411,2007/6/19,05,08,12,19,22,11,25,151,3804,98987,11525700,137000,9400,900
412,2007/6/26,01,05,06,09,23,16,29,128,3436,96890,10053800,163600,10500,900
413,2007/7/3,08,14,21,23,29,17,31,261,3511,91386,9352800,79800,10200,1000
414,2007/7/10,05,07,10,20,27,21,39,157,3958,101014,7427000,132500,9100,900
415,2007/7/17,11,16,24,28,30,22,29,124,4127,100656,9426000,158300,8200,800
416,2007/7/24,04,06,13,15,22,07,29,112,4109,92441,9507700,176800,8300,900
417,2007/7/31,03,09,12,23,24,22,56,158,4782,108716,4877300,124100,7100,800
418,2007/8/7,13,16,22,27,30,04,20,159,3203,83704,13243300,119600,10200,1000
419,2007/8/14,05,12,19,20,27,28,32,161,3767,82336,7233400,103200,7600,900
420,2007/8/21,02,10,13,23,27,18,25,134,3133,84853,10759400,144200,10600,1000
421,2007/8/28,11,14,24,28,29,16,35,128,4895,101814,7976900,156700,7100,800
422,2007/9/4,10,12,15,21,27,24,33,132,4149,101347,8499800,152600,8400,900
423,2007/9/11,08,14,16,24,31,07,31,142,3649,86741,8997100,141100,9500,1000
424,2007/9/18,03,04,08,11,31,24,20,159,3186,88833,13291200,120100,10300,900
425,2007/9/25,04,10,20,25,28,06,20,119,3065,80904,13182300,159100,10700,1000
426,2007/10/2,03,15,17,21,26,29,37,152,3227,84890,7361900,128700,10500,1000
427,2007/10/9,09,14,19,20,26,16,15,71,2525,69032,17486800,265400,12900,1200
428,2007/10/16,11,20,24,27,29,21,13,77,2806,86305,21067400,255500,12100,1000
429,2007/10/23,11,18,22,26,30,20,32,68,4156,97242,8673200,293200,8300,900
430,2007/10/30,03,07,16,18,21,27,28,190,3370,87078,9918400,105000,10200,1000
431,2007/11/6,03,12,14,24,25,02,16,125,3265,86825,17285700,158900,10500,1000
432,2007/11/13,03,09,14,22,25,12,32,149,4056,96977,9019000,139100,8800,900
433,2007/11/20,01,12,17,20,27,14,16,74,2865,82590,17932700,278500,12400,1100
434,2007/11/27,01,06,10,11,22,18,34,142,3614,94079,8373300,144000,9800,900
435,2007/12/4,08,19,22,25,27,06,27,130,3550,94193,10316600,153900,9700,900
436,2007/12/11,07,08,18,21,24,17,20,109,4162,94018,14262800,188000,8500,900
437,2007/12/18,09,13,15,28,31,12,38,115,6060,102410,7646100,181500,5900,900
438,2007/12/25,01,02,10,13,21,16,13,79,2365,73725,22084600,261000,15100,1200
439,2008/1/8,10,17,19,21,23,16,18,107,3157,90544,17363100,209800,12300,1100
440,2008/1/15,05,12,13,21,30,28,21,125,3341,90854,13697700,165300,10700,1000
441,2008/1/22,06,08,19,28,30,17,31,198,3407,92829,9683200,108900,10900,1000
442,2008/1/29,05,08,19,24,30,17,34,229,4098,99286,8628100,92000,8900,900
443,2008/2/5,05,17,22,23,30,20,32,101,4282,99559,9298700,211600,8600,900
444,2008/2/12,01,11,17,30,31,13,24,143,3939,91229,11837600,142700,8900,1000
445,2008/2/19,07,16,18,26,31,25,23,151,3065,83856,12924500,141400,12000,1100
446,2008/2/26,10,11,15,16,17,04,21,99,2680,82504,14040800,213900,13600,1100
447,2008/3/4,14,17,20,25,26,08,16,180,2949,90016,18466200,117900,12400,1000
448,2008/3/11,01,07,12,17,18,25,18,167,3610,89969,16289500,126100,10100,1000
449,2008/3/18,07,08,10,11,20,12,18,188,3612,96378,16030900,110200,9900,900
450,2008/3/25,02,05,08,13,27,26,51,201,4554,107543,5673200,103400,7900,800
451,2008/4/1,03,07,12,14,16,31,22,99,4409,100186,12884000,205600,8000,900
452,2008/4/8,02,12,16,18,30,20,30,104,3099,86317,9295300,192600,11200,1000
453,2008/4/15,04,07,12,17,27,24,38,235,5104,119382,7712800,89500,7100,700
454,2008/4/22,02,05,13,20,24,12,12,156,3407,86942,24042600,132800,10500,1000
455,2008/4/29,01,10,16,24,26,09,10,118,2449,69454,27112800,165000,13700,1200
456,2008/5/6,06,08,10,16,20,02,15,116,2773,77033,17152700,159300,11500,1000
457,2008/5/13,02,16,17,22,28,11,33,291,3533,93435,8608300,70100,10000,900
458,2008/5/20,06,08,15,24,31,01,28,112,3311,83117,9702900,174200,10200,1000
459,2008/5/27,12,13,26,27,29,02,26,122,3258,85406,10455700,160000,10300,1000
460,2008/6/3,10,11,25,27,30,04,38,202,4972,106401,6997400,94500,6600,800
461,2008/6/10,06,12,17,20,26,11,32,170,3758,93065,8331400,112600,8800,900
462,2008/6/17,04,19,22,25,29,27,19,86,2876,79271,14402600,228500,11800,1100
463,2008/6/24,12,13,16,21,23,18,11,116,2563,81103,25274900,172100,13500,1100
464,2008/7/1,01,12,16,22,28,15,27,101,3205,89965,10738700,206200,11200,1000
465,2008/7/8,13,18,21,25,28,07,21,293,3435,89524,13657600,70300,10300,1000
466,2008/7/15,15,16,19,20,29,17,11,85,2304,73624,25579600,237800,15200,1200
467,2008/7/22,01,02,13,15,23,26,16,73,2292,69396,16572400,260900,14400,1200
468,2008/7/29,07,08,13,24,27,10,30,176,4232,108146,9085900,111200,8000,800
469,2008/8/5,05,09,12,16,19,03,29,137,3194,91883,9266400,140900,10400,900
470,2008/8/12,11,15,22,30,31,14,21,191,3511,91576,12129800,95800,9000,900
471,2008/8/19,13,17,20,23,30,28,22,138,3454,91379,12285600,140700,9700,900
472,2008/8/26,04,15,17,20,21,03,26,111,2687,77481,10729000,180500,12900,1100
473,2008/9/2,04,05,18,20,26,03,16,109,2822,78266,17757900,187200,12500,1100
474,2008/9/9,05,12,14,18,23,11,30,140,4934,98745,9378600,144300,7000,900
475,2008/9/16,08,09,12,14,24,30,22,120,3223,92052,12376100,163000,10500,900
476,2008/9/23,03,10,12,20,24,13,23,133,3404,90405,11358800,141100,9500,900
477,2008/9/30,01,04,13,20,28,31,21,80,2723,78780,13131200,247600,12600,1100
478,2008/10/7,03,17,18,22,25,05,27,203,3707,90587,10239100,97800,9200,900
479,2008/10/14,14,22,26,27,29,21,18,103,2673,78762,14378900,180500,12000,1000
480,2008/10/21,05,07,18,25,31,23,21,124,3220,87108,13275900,161500,10700,1000
481,2008/10/28,03,07,13,16,25,31,51,167,5053,102993,5612900,123100,7000,900
482,2008/11/4,02,16,20,24,29,05,34,153,3539,87946,8166600,130300,9700,1000
483,2008/11/11,07,20,23,27,29,25,12,90,2697,81404,23315500,223300,12900,1100
484,2008/11/18,01,03,04,19,29,27,13,68,2165,69403,21265800,292000,15800,1200
485,2008/11/25,03,08,10,15,31,18,31,127,3194,86760,8512600,149200,10200,900
486,2008/12/2,05,08,20,22,26,19,25,152,3264,88681,11159700,131800,10600,1000
487,2008/12/9,15,17,20,22,29,16,16,105,2845,80445,17092600,187100,11900,1100
488,2008/12/16,10,15,17,23,29,24,31,134,4056,101621,9466600,157300,9000,900
489,2008/12/23,02,04,09,22,31,17,13,136,2606,78027,21203900,145600,13100,1100
490,2008/12/30,07,09,13,21,24,11,28,128,3150,85419,9666600,151900,10600,1000
491,2009/1/6,08,10,16,20,23,06,23,268,3775,89732,10755800,66300,8100,800
492,2009/1/13,03,08,09,11,20,18,19,116,3842,106956,14770700,173800,9000,800
493,2009/1/20,01,11,12,13,17,26,23,107,2809,93201,12787900,197400,13000,1000
494,2009/1/27,02,10,14,26,28,18,36,316,3589,90634,8253400,67500,10300,1000
495,2009/2/3,07,10,22,26,27,05,27,149,3157,91842,10939800,142400,11600,1000
496,2009/2/10,04,10,11,22,30,09,60,153,4627,111207,4948400,139400,7900,800
497,2009/2/17,04,21,23,27,28,26,14,56,2564,80736,21028600,377600,14200,1100
498,2009/2/24,02,15,20,23,30,03,30,167,3244,85123,9594700,123800,11000,1100
499,2009/3/3,02,08,14,15,26,31,33,192,4528,96203,8790300,108500,7900,900
500,2009/3/10,19,20,23,25,28,05,14,119,2316,73091,20356900,172000,15300,1200
501,2009/3/17,12,13,16,17,21,22,29,120,3726,89757,9696300,168300,9300,1000
502,2009/3/24,02,03,05,13,14,01,16,97,2790,84160,16905100,200300,12000,1000
503,2009/3/31,11,18,21,23,27,03,18,192,3415,94234,15702900,105700,10300,900
504,2009/4/7,08,10,24,28,31,09,21,87,3219,88962,13107100,227200,10600,1000
505,2009/4/14,05,16,19,20,22,28,17,134,3081,87259,15883300,144700,10900,1000
506,2009/4/21,04,14,15,23,24,11,41,125,4000,93531,6767000,159400,8600,900
507,2009/4/28,10,19,26,27,28,02,17,126,2946,86447,16647600,161300,11900,1000
508,2009/5/5,03,06,09,14,25,01,42,112,3881,87665,5761800,155200,7700,800
509,2009/5/12,02,13,22,29,30,08,31,192,3470,92911,8883300,103000,9800,900
510,2009/5/19,18,19,21,23,30,25,16,77,2597,75608,16677000,248900,12700,1100
511,2009/5/26,13,16,26,28,31,11,24,121,3024,84793,11253600,160300,11100,1000
512,2009/6/2,08,14,25,29,30,07,34,122,3468,88026,7883000,157800,9600,900
513,2009/6/9,03,11,18,19,25,08,27,200,3623,90311,9648100,93500,8900,900
514,2009/6/16,15,16,21,25,30,14,19,101,2707,77201,14179700,191600,12300,1100
515,2009/6/23,05,21,24,25,26,31,19,105,2201,73385,14286000,185700,15300,1200
516,2009/6/30,03,12,14,15,26,05,35,132,4069,96117,7943400,151300,8500,900
517,2009/7/7,12,26,28,29,30,05,14,111,2816,83844,19710700,178600,12200,1000
518,2009/7/14,11,16,18,20,27,23,26,160,3399,92280,10316600,120400,9800,900
519,2009/7/21,02,09,25,29,31,04,15,97,2383,69047,16888000,187600,13200,1100
520,2009/7/28,02,03,11,14,30,08,17,135,2996,89410,15451100,139700,10900,900
521,2009/8/4,04,09,14,25,26,15,27,200,3550,90283,9662800,93700,9100,900
522,2009/8/11,04,19,22,23,27,31,26,91,3219,81376,9522600,195400,9500,900
523,2009/8/18,08,17,18,19,24,10,28,125,3747,93646,9389500,151100,8700,900
524,2009/8/25,07,10,17,22,24,12,16,126,3179,83901,16889500,154000,10500,1000
525,2009/9/1,01,14,21,25,27,06,10,126,2424,77176,26813300,152800,13700,1100
526,2009/9/8,04,05,16,21,31,26,13,95,2534,74347,20788400,204300,13200,1100
527,2009/9/15,11,13,15,23,25,04,26,124,3576,92687,10342000,155700,9300,900
528,2009/9/22,02,11,14,15,21,08,16,105,2418,74570,15068700,164900,12400,1000
529,2009/9/29,05,07,14,16,20,15,15,89,2458,77610,18224000,220600,13800,1100
530,2009/10/6,02,03,05,16,19,10,22,110,2738,81095,12106200,173900,12100,1000
531,2009/10/13,13,21,22,26,27,19,17,119,2772,82062,15168900,155600,11500,1000
532,2009/10/20,05,10,21,27,28,18,31,126,3396,89209,8710200,153900,9800,900
533,2009/10/27,06,13,19,23,31,20,32,160,3129,83937,8463800,121600,10700,1000
534,2009/11/3,07,22,25,26,30,04,12,94,3000,88462,21304700,195300,10600,900
535,2009/11/10,18,20,23,24,31,07,28,108,2649,77122,9765100,181800,12800,1100
536,2009/11/17,14,18,20,22,24,19,21,82,2349,70615,12345300,227100,13700,1100
537,2009/11/24,09,10,27,29,30,05,22,86,2774,77490,11655900,214200,11500,1000
538,2009/12/1,08,10,13,20,21,31,23,157,3491,86082,11869800,124900,9700,1000
539,2009/12/8,09,18,23,26,29,05,46,181,3692,87642,5893000,107500,9100,1000
540,2009/12/15,02,19,22,27,29,06,13,112,2855,86092,21349400,178000,12100,1000
541,2009/12/22,01,09,10,16,23,30,21,169,2841,79303,13310200,118800,12200,1100
542,2009/12/29,03,09,11,20,27,21,32,194,4561,104748,8949200,106000,7800,800
543,2010/1/5,04,07,17,22,25,30,27,155,3536,82742,8457100,105800,8000,800
544,2010/1/12,03,09,18,29,30,28,43,99,3881,90012,6223100,194100,8500,900
545,2010/1/19,01,15,23,28,29,02,15,87,2571,76806,18197900,225400,13200,1100
546,2010/1/26,03,08,19,22,29,20,31,179,3945,98790,9214400,114600,9000,900
547,2010/2/2,05,23,25,29,31,28,12,67,2678,83555,23615400,303800,13100,1100
548,2010/2/9,05,06,16,23,29,31,20,125,3390,91737,14297700,164300,10500,1000
549,2010/2/16,10,12,19,24,25,14,30,118,3610,93299,9563800,174600,9800,1000
550,2010/2/23,08,16,22,28,31,03,43,258,3970,94364,6557800,78500,8800,900
551,2010/3/2,01,02,10,24,31,28,14,63,2396,72660,20110000,321000,14600,1200
552,2010/3/9,07,11,14,17,28,29,36,188,4221,98601,7421700,102100,7800,800
553,2010/3/16,02,13,23,24,30,15,21,131,3247,88766,12939600,149000,10400,900
554,2010/3/23,02,06,23,24,28,09,17,109,3047,82585,15230600,170600,10500,1000
555,2010/3/30,01,15,18,24,29,23,22,118,2745,77334,12255200,164100,12200,1100
556,2010/4/6,04,06,16,17,24,26,35,163,3650,90613,7771700,119800,9200,900
557,2010/4/13,08,18,21,22,28,31,22,124,3089,83958,12222500,155700,10800,1000
558,2010/4/20,04,10,16,22,30,27,53,184,4389,93179,5164100,106800,7700,900
559,2010/4/27,02,04,07,11,16,25,24,153,2964,86385,11299600,127300,11300,1000
560,2010/5/4,11,13,17,29,30,05,27,166,2961,78748,8842100,103300,10000,900
561,2010/5/11,01,05,06,16,25,18,23,88,2739,76038,11625700,218200,12100,1100
562,2010/5/18,02,07,12,15,17,23,18,137,2874,83874,14535900,137200,11300,1000
563,2010/5/25,04,05,18,19,30,01,22,97,2768,80764,11839900,192900,11700,1000
564,2010/6/1,09,17,19,22,29,06,21,133,3226,87524,12478300,141500,10100,900
565,2010/6/8,18,19,20,28,29,13,20,76,2579,72339,12905900,243900,12400,1100
566,2010/6/15,03,08,23,28,30,31,26,108,4075,96798,9868800,170600,7800,800
567,2010/6/22,10,12,20,24,25,17,26,129,3388,81484,10114500,146400,9600,1000
568,2010/6/29,08,12,16,24,30,23,97,288,5302,101461,2716700,65700,6100,800
569,2010/7/6,10,17,23,26,28,05,21,183,3058,85973,12349600,101800,10500,900
570,2010/7/13,01,02,05,06,10,08,37,192,2583,68640,6873700,95100,12200,1200
571,2010/7/20,09,22,27,28,29,26,14,60,2976,82802,17010200,285100,9900,900
572,2010/7/27,01,06,18,23,29,21,15,79,3308,76232,16216000,221200,9100,1000
573,2010/8/3,15,21,22,23,29,05,15,133,2816,80604,16176400,131000,10700,900
574,2010/8/10,03,07,08,13,15,25,20,137,2898,82744,11866600,124400,10100,900
575,2010/8/17,10,16,20,21,27,24,28,110,2860,73756,8627400,157700,10500,1000
576,2010/8/24,06,08,10,21,23,18,35,113,2843,80706,7066800,157200,10800,900
577,2010/8/31,05,10,21,24,25,13,28,117,3841,84695,8927400,153400,8100,900
578,2010/9/7,05,11,16,19,30,18,26,105,3124,83190,9531100,169500,9800,900
579,2010/9/14,01,04,15,17,23,08,21,137,2783,77689,11802900,129900,11000,1000
580,2010/9/21,01,04,14,15,26,18,17,87,2758,72193,14207200,199400,10900,1000
581,2010/9/28,02,06,12,14,30,03,20,107,2730,75898,12406700,166600,11300,1000
582,2010/10/5,03,14,22,24,30,10,10,88,2367,75654,25266100,206200,13200,1000
583,2010/10/12,01,03,10,11,16,24,18,141,2826,79311,13503100,123800,10700,900
584,2010/10/19,06,09,11,14,22,29,19,289,3138,82134,13275400,62700,10000,1000
585,2010/10/26,14,19,23,24,31,29,18,95,2635,76350,14216200,193500,12000,1000
586,2010/11/2,01,05,06,10,15,02,40,266,3635,85278,6470700,69900,8800,900
587,2010/11/9,11,17,19,29,30,01,25,98,3355,83436,10205900,187000,9400,900
588,2010/11/16,04,11,18,26,31,13,34,138,3266,76267,7394700,130800,9500,1000
589,2010/11/23,03,10,13,22,26,12,23,102,2630,74306,10205500,165300,11100,1000
590,2010/11/30,04,07,11,17,19,14,37,193,3834,90390,6801500,93600,8100,900
591,2010/12/7,04,08,09,13,19,12,26,111,3092,76503,9736700,163800,10100,1000
592,2010/12/14,05,06,23,25,26,14,21,137,2574,78774,12083500,133000,12200,1000
593,2010/12/21,11,14,22,28,29,25,35,105,3851,93723,7495000,179400,8400,900
594,2010/12/28,02,05,10,22,30,12,28,196,3801,94450,9365900,96100,8500,900
595,2011/1/4,07,11,15,20,23,03,25,185,3030,71820,7546400,73200,7700,800
596,2011/1/11,06,09,10,14,27,31,28,116,3145,83501,9047700,156800,10000,900
597,2011/1/18,02,13,16,17,19,29,10,86,2319,73663,25344800,211700,13600,1100
598,2011/1/25,04,15,21,26,30,01,35,127,3458,85319,7510200,148600,9400,1000
599,2011/2/1,03,07,10,11,29,25,22,220,4005,98518,11685800,83900,7900,800
600,2011/2/8,01,02,03,04,22,13,10,84,4155,73684,26415600,225900,7900,1100
601,2011/2/15,10,14,15,16,24,28,7,104,2579,81393,37181100,179700,12500,1000
602,2011/2/22,03,14,18,22,25,27,35,195,4012,90625,7665100,98800,8300,900
603,2011/3/1,04,05,26,28,30,15,17,135,2443,81336,15279200,138200,13200,1000
604,2011/3/8,02,11,13,22,25,05,32,180,4096,95575,7957300,101600,7700,800
605,2011/3/15,05,06,13,19,28,17,24,141,2962,72870,8872300,108400,8900,900
606,2011/3/22,09,20,23,30,31,01,14,63,2288,61597,15499100,247400,11800,1100
607,2011/3/29,07,08,12,18,30,17,29,120,3330,85865,8122200,141000,8800,800
608,2011/4/5,13,19,21,25,29,15,22,65,3275,64303,9405900,228700,7800,1000
609,2011/4/12,03,14,21,26,30,25,22,117,2738,66318,9226300,124600,9200,900
610,2011/4/19,03,08,14,17,30,19,23,102,2843,70296,8955400,145000,9000,900
611,2011/4/26,12,18,21,25,30,17,33,106,2515,65820,6351800,142000,10300,1000
612,2011/5/3,11,18,24,27,30,04,23,132,2460,64776,8182500,102400,9500,900
613,2011/5/10,02,16,17,20,28,14,16,71,2183,58233,12434300,201300,11300,1100
614,2011/5/17,07,16,23,25,30,11,10,143,2315,64818,19720200,99000,10600,900
615,2011/5/24,04,12,13,19,20,10,12,69,1899,56872,16278000,203300,12800,1100
616,2011/5/31,07,18,21,27,28,10,12,70,2311,62286,16661300,205100,10700,1000
617,2011/6/7,03,09,16,19,28,25,24,100,2798,66460,8270400,142500,8800,900
618,2011/6/14,10,12,14,22,31,23,13,91,2042,59757,15120100,155100,11900,1000
619,2011/6/21,04,07,14,20,30,28,15,114,2418,64870,13439600,127000,10300,1000
620,2011/6/28,02,14,21,25,31,05,18,84,1941,57558,11079800,170500,12700,1100
621,2011/7/5,06,12,18,24,30,09,1129,166,4729,77290,175900,85900,5200,800
622,2011/7/12,13,14,20,25,27,19,13,58,1863,56085,14594200,235000,12600,1100
623,2011/7/19,04,09,14,15,26,29,22,113,2371,58680,8004000,111900,9200,900
624,2011/7/26,05,07,11,12,24,04,33,116,3160,73619,5731900,117100,7400,800
625,2011/8/2,19,20,23,26,31,06,9,73,1478,46133,20809100,184300,15700,1300
626,2011/8/9,11,12,14,17,26,23,5,88,1829,57544,35684100,145600,12100,1000
627,2011/8/16,06,10,14,15,20,19,5,53,1735,52537,36451700,247000,13000,1100
628,2011/8/23,01,02,10,17,20,18,17,53,1757,48639,11376500,262100,13700,1200
629,2011/8/30,01,03,16,26,29,31,15,79,1955,56602,13044500,177900,12400,1100
630,2011/9/6,03,04,16,19,31,14,12,64,2022,58714,16286800,219300,12000,1000
631,2011/9/13,03,15,18,20,25,29,10,75,2082,60059,19507900,186800,11600,1000
632,2011/9/20,06,14,15,25,26,13,23,100,3011,65445,8097000,133700,7700,900
633,2011/9/27,02,12,19,20,30,13,21,97,2646,65720,9253400,143900,9100,900
634,2011/10/4,06,14,24,27,31,22,17,65,2308,59905,11374200,213700,10400,1000
635,2011/10/11,12,13,16,20,29,11,7,60,2105,57657,26764300,224300,11000,1000
636,2011/10/18,08,13,21,26,30,03,39,135,2700,63106,5013300,104000,9000,1000
637,2011/10/25,01,05,10,15,21,11,17,130,2558,59708,11419600,107200,9400,1000
638,2011/11/1,01,16,18,27,30,15,12,65,1881,52657,16493100,218700,13100,1200
639,2011/11/8,06,14,20,29,31,22,38,126,3687,68729,5158400,111700,6600,900
640,2011/11/15,06,15,18,28,31,08,7,77,2002,56971,27720100,181000,12000,1100
641,2011/11/22,05,11,14,17,22,15,19,56,3207,73497,9966100,242900,7300,800
642,2011/11/29,09,22,26,27,31,28,4,52,2218,48802,40000000,885600,10700,1200
643,2011/12/6,09,11,17,19,22,06,16,117,2208,60506,12024300,118100,10800,1000
644,2011/12/13,05,13,15,20,27,30,19,119,2705,66111,10381800,119000,9000,900
645,2011/12/20,08,13,18,19,24,11,19,79,2626,66181,10576700,182700,9500,900
646,2011/12/27,03,06,16,30,31,17,15,99,2379,66649,13557200,147500,10600,900
647,2012/1/10,03,06,07,10,21,18,22,83,2382,67126,10018700,190700,11500,1000
648,2012/1/17,06,13,18,19,21,26,12,161,2524,64052,16736600,89600,9900,1000
649,2012/1/24,03,11,18,19,21,12,25,95,2561,67198,7920700,149700,9600,900
650,2012/1/31,04,11,18,24,26,13,40,125,3098,71026,5056600,116200,8100,900
651,2012/2/7,08,11,15,20,31,18,17,80,2392,62963,11631300,177500,10200,1000
652,2012/2/14,02,05,19,28,29,23,9,77,1960,57241,21263100,178500,12100,1000
653,2012/2/21,11,16,20,22,30,21,18,62,2786,67237,10879000,226900,8700,900
654,2012/2/28,06,11,22,25,27,02,20,92,2751,70791,9667600,150900,8700,800
655,2012/3/6,07,09,12,14,18,24,11,112,2401,65368,17484300,123300,9900,900
656,2012/3/13,04,10,15,22,23,07,11,122,2625,65300,17013700,110200,8800,900
657,2012/3/20,09,14,18,23,30,10,19,73,2331,58535,9266300,173200,9400,900
658,2012/3/27,07,08,11,15,26,01,22,75,2697,66947,8351300,175900,8400,800
659,2012/4/3,05,09,22,30,31,03,10,66,1692,51095,17841700,194200,13100,1100
660,2012/4/10,07,12,15,30,31,18,15,83,2110,58936,12406500,161000,10900,1000
661,2012/4/17,02,06,09,19,20,27,12,87,2077,56423,15964800,158100,11400,1100
662,2012/4/24,07,09,15,28,31,26,17,82,2824,64257,11301400,168300,8400,900
663,2012/5/1,01,09,10,21,31,23,16,53,2128,51699,11709600,253900,10900,1100
664,2012/5/8,06,09,11,16,29,04,27,114,2558,64945,6930300,117900,9100,900
665,2012/5/15,07,12,17,20,28,09,16,90,2422,61581,11303900,144300,9200,900
666,2012/5/22,10,11,17,24,29,26,24,68,2611,62031,7537400,191100,8600,900
667,2012/5/29,08,09,19,26,31,28,11,53,1897,55039,16344600,243700,11800,1000
668,2012/6/5,07,09,16,27,29,30,24,101,2772,66072,7567100,129100,8100,800
669,2012/6/12,04,07,08,25,31,14,14,72,1836,52304,12523000,174900,11800,1000
670,2012/6/19,04,06,26,27,29,30,16,67,1865,54476,11130100,190900,11800,1000
671,2012/6/26,07,14,19,22,27,28,49,130,3207,66499,3869200,104700,7300,900
672,2012/7/3,03,08,20,22,28,05,23,71,2476,60814,7997000,186100,9200,900
673,2012/7/10,06,12,21,24,25,22,19,58,2523,61720,9632600,226600,9000,900
674,2012/7/17,01,02,03,24,25,15,20,70,1427,44176,8678000,178100,15100,1200
675,2012/7/24,06,21,27,28,31,20,15,49,1783,52691,11452700,251800,11900,1000
676,2012/7/31,04,06,18,22,28,01,17,54,2341,58572,10062100,227500,9000,900
677,2012/8/7,10,16,23,24,30,18,10,59,2316,56747,16776800,204200,9000,900
678,2012/8/14,15,17,21,24,25,20,7,35,1332,44022,22803200,327600,14900,1100
679,2012/8/21,05,11,23,29,31,28,14,73,2764,63049,12601000,173600,7900,900
680,2012/8/28,02,03,11,15,24,23,7,106,2286,60215,25439000,120600,9600,900
681,2012/9/4,06,12,17,19,30,09,10,102,2406,62406,17833400,125600,9200,900
682,2012/9/11,04,08,20,25,27,30,16,54,2270,58221,11211800,238600,9800,1000
683,2012/9/18,01,07,15,23,26,11,27,96,2137,53811,128700,128700,10000,1000
684,2012/9/25,10,12,13,19,25,07,17,99,1942,55951,10408200,128400,11300,1000
685,2012/10/2,08,11,19,21,30,01,22,72,2481,61533,7978700,175100,8800,900
686,2012/10/9,03,05,07,10,18,06,17,74,2524,61129,9976000,164600,8300,900
687,2012/10/16,02,09,17,24,29,22,46,142,3476,66128,3829400,89100,6300,800
688,2012/10/23,04,05,09,15,26,11,14,92,1900,53533,12261900,134000,11200,1000
689,2012/10/30,12,13,19,23,25,28,19,86,2355,60856,9367900,148600,9400,900
690,2012/11/6,11,16,22,23,25,09,5,109,2066,60194,34779000,114600,10400,900
691,2012/11/13,03,09,10,20,25,31,11,55,1935,55931,15772600,226600,11100,1000
692,2012/11/20,09,13,14,23,31,20,10,51,1747,51069,17468100,246000,12400,1100
693,2012/11/27,05,17,21,24,25,03,14,77,2471,58782,12487900,163100,8800,900
694,2012/12/4,05,12,15,16,20,06,12,70,1723,52635,14544900,179100,12600,1000
695,2012/12/11,04,19,20,27,28,14,12,94,1996,54099,14582400,133700,10900,1000
696,2012/12/18,05,09,15,19,30,06,15,78,2111,59022,12030000,166200,10600,900
697,2012/12/25,05,07,17,25,27,18,29,115,2756,65702,6379000,115500,8300,900
698,2013/1/8,02,03,05,14,24,09,11,62,2026,59777,17764200,226400,12000,1000
699,2013/1/15,06,12,21,24,28,15,35,153,3087,63726,5064900,83200,7100,900
700,2013/1/22,06,08,09,21,26,04,11,77,1635,51628,16529300,169600,13800,1100
701,2013/1/29,04,08,13,15,26,03,17,94,3212,64382,11055700,143600,7200,900
702,2013/2/5,10,12,13,20,23,04,14,96,2149,56105,13454600,140900,10900,1000
703,2013/2/12,03,10,16,28,31,15,21,121,2103,55003,8547300,106500,10600,1000
704,2013/2/19,02,11,21,24,25,23,24,77,2876,64898,7514700,168200,7800,900
705,2013/2/26,08,16,18,21,22,27,28,81,1940,53122,6578000,163300,11800,1100
706,2013/3/5,04,06,15,16,29,27,7,150,2129,59936,26020600,87200,10600,900
707,2013/3/12,02,11,23,27,29,03,17,103,2152,59126,10440900,123800,10200,900
708,2013/3/19,10,11,20,28,29,01,13,76,2008,53165,13184700,162000,10600,1000
709,2013/3/26,02,05,16,17,18,30,15,84,1719,50069,11567000,148300,12500,1100
710,2013/4/2,02,15,18,25,26,20,10,49,1806,50350,16255400,238300,11200,1000
711,2013/4/9,03,05,10,17,25,22,17,107,2587,62487,9463000,108000,7700,800
712,2013/4/16,03,07,18,27,31,01,22,60,2199,56618,7535600,198500,9300,900
713,2013/4/23,04,13,22,28,31,16,38,152,2553,50842,4279200,76800,7900,1000
714,2013/4/30,06,10,20,22,31,01,3,45,1500,45607,40000000,1172400,13300,1100
715,2013/5/7,02,03,05,09,22,18,16,70,1928,55420,9981300,163900,10300,900
716,2013/5/14,13,18,19,20,24,17,5,45,1494,43625,31787500,253700,13200,1100
717,2013/5/21,03,05,14,23,26,01,18,88,2306,57657,8867600,130300,8600,900
718,2013/5/28,02,11,16,19,24,23,31,98,2523,54451,5124200,116400,7800,900
719,2013/6/4,02,09,18,22,27,16,20,91,2453,54106,7963700,125700,8000,900
720,2013/6/11,05,11,17,19,20,15,11,49,1949,53977,14286700,230400,10000,900
721,2013/6/18,03,05,12,15,22,02,21,89,2667,62985,7664800,129900,7500,800
722,2013/6/25,04,06,17,21,30,09,15,87,1927,51968,10738700,133000,10400,1000
723,2013/7/2,04,07,09,25,31,18,25,108,1911,53391,6562000,109100,10600,1000
724,2013/7/9,07,14,17,22,29,01,28,86,2681,53048,5628900,131600,7300,900
725,2013/7/16,06,11,26,28,30,19,10,61,1760,50342,15296800,180100,10800,900
726,2013/7/23,01,02,16,18,25,07,14,71,1534,44542,10808400,153100,12200,1100
727,2013/7/30,04,07,14,16,24,27,16,120,2056,51710,9394100,89900,9100,900
728,2013/8/6,01,09,11,13,28,16,8,48,1572,43783,18646900,223200,11800,1100
729,2013/8/13,13,16,17,20,29,11,5,44,1260,36899,27809300,227000,13700,1200
730,2013/8/20,03,05,07,14,22,04,17,57,3085,64464,8892800,190500,6100,700
731,2013/8/27,07,09,18,28,30,11,18,99,1725,48660,8640700,112800,11200,1000
732,2013/9/3,04,06,16,29,31,09,20,91,2239,51498,7665700,121000,8500,900
733,2013/9/10,05,09,11,18,20,31,17,84,2271,56982,9075900,131900,8400,800
734,2013/9/17,06,08,10,12,13,31,11,70,1946,53947,13574800,153200,9500,900
735,2013/9/24,03,14,16,23,30,07,16,123,1815,50968,9284800,86700,10100,900
736,2013/10/1,02,14,17,20,27,09,4,86,1537,45066,38074300,127200,12300,1100
737,2013/10/8,05,12,18,19,23,16,32,81,2473,55083,4707900,133600,7500,800
738,2013/10/15,07,11,14,23,29,19,24,84,2511,57064,6100500,125200,7200,800
739,2013/10/22,01,04,19,24,31,18,9,63,1457,41464,16772600,172100,12800,1100
740,2013/10/29,02,04,19,25,28,11,13,91,1709,48469,11631300,119300,11000,1000
741,2013/11/5,06,11,12,15,25,10,18,87,2027,55001,8412100,125000,9300,800
742,2013/11/12,03,05,16,26,31,01,13,61,2038,52050,11416800,174700,9000,900
743,2013/11/19,04,15,18,20,30,05,10,44,1478,46602,14807500,241700,12400,1000
744,2013/11/26,02,04,05,14,24,19,16,106,1979,53906,9360200,101500,9400,900
745,2013/12/3,03,10,13,14,22,15,8,49,1756,49490,18869400,221300,10700,900
746,2013/12/10,02,10,15,18,20,13,11,72,1610,44679,13753300,150900,11600,1100
747,2013/12/17,01,12,23,29,30,09,18,104,1738,47495,8812600,109500,11300,1000
748,2013/12/24,02,06,07,11,15,04,14,80,1918,55707,11095000,139400,10000,900
749,2014/1/7,01,11,14,16,30,25,11,56,1681,50969,15579700,219800,12600,1000
750,2014/1/14,02,05,09,13,19,24,12,124,2121,56418,12865200,89400,9000,800
751,2014/1/21,07,15,18,19,30,08,12,70,1796,49556,13002500,160100,10800,1000
752,2014/1/28,11,23,26,27,31,24,6,53,1475,45461,26586900,216200,13400,1100
753,2014/2/4,02,10,20,23,24,26,13,40,1797,49720,12044100,281200,10800,1000
754,2014/2/11,11,12,24,25,30,31,27,79,2444,56561,5310600,130300,7300,800
755,2014/2/18,20,21,22,25,27,14,10,42,1193,35470,14884600,254600,15500,1300
756,2014/2/25,05,08,09,27,30,11,16,83,1651,47052,9569900,132500,11500,1000
757,2014/3/4,12,15,21,25,27,22,5,47,1501,45828,30971700,236700,12800,1100
758,2014/3/11,08,14,19,22,24,26,15,66,1789,49168,10203600,166600,10600,1000
759,2014/3/18,08,18,23,24,30,04,11,72,1966,52056,13499100,148100,9400,900
760,2014/3/25,01,07,14,25,30,08,12,63,1825,47112,12695900,173700,10300,1000
761,2014/4/1,07,14,16,21,31,17,5,52,1576,42112,29959800,206900,11800,1100
762,2014/4/8,02,03,08,10,29,31,8,50,1798,50543,18725100,215200,10300,900
763,2014/4/15,03,05,12,14,18,08,13,78,2138,58521,11960600,143200,9000,800
764,2014/4/22,01,02,07,10,11,16,29,57,2247,54305,5291900,193400,8500,900
765,2014/4/29,16,19,20,22,31,26,2,40,1265,35852,40000000,1884700,14200,1300
766,2014/5/6,05,08,12,16,28,13,38,91,2589,55108,3746800,112400,6800,800
767,2014/5/13,06,08,10,25,31,27,13,43,1641,44892,11404800,247700,11200,1000
768,2014/5/20,02,03,23,24,27,10,8,77,1763,48954,18487300,137900,10400,900
769,2014/5/27,03,11,15,22,24,29,17,86,2257,55666,8647700,122800,8100,800
770,2014/6/3,12,18,19,22,30,20,11,41,1460,43606,13282800,256000,12400,1000
771,2014/6/10,07,11,22,26,30,27,16,69,2086,51054,9120400,151900,8700,900
772,2014/6/17,11,14,15,21,27,24,11,36,1745,48590,13502100,296300,10500,900
773,2014/6/24,01,02,06,11,26,17,19,70,1775,47810,7837700,152800,10400,1000
774,2014/7/1,05,06,09,20,30,31,20,61,1606,43287,7472500,176000,11500,1100
775,2014/7/8,05,06,14,24,31,15,6,70,1645,44627,24154100,148700,10900,1000
776,2014/7/15,06,14,15,18,31,25,8,78,1669,44140,18099200,133300,10800,1000
777,2014/7/22,04,10,20,22,24,21,6,40,1502,42882,23668600,255000,11700,1000
778,2014/7/29,10,13,14,26,30,18,16,66,1667,43226,8908500,155100,10600,1000
779,2014/8/5,01,08,09,10,13,18,12,52,1413,39756,11722600,194300,12300,1100
780,2014/8/12,13,15,16,18,20,07,14,33,1234,34120,9858100,300400,13900,1300
781,2014/8/19,02,07,10,21,24,04,6,66,1719,48235,24036000,156900,10400,900
782,2014/8/26,04,07,09,14,21,26,17,76,1905,51510,8676200,139400,9600,900
783,2014/9/2,04,05,10,15,20,08,21,103,2751,52684,7191000,105300,6800,900
784,2014/9/9,14,19,21,25,29,08,12,67,1276,38622,12443400,160100,14500,1200
785,2014/9/16,07,21,22,26,28,05,7,40,1349,40367,20668900,259800,13300,1100
786,2014/9/23,05,06,21,28,29,07,7,52,1548,41777,19913000,192500,11200,1000
787,2014/9/30,11,15,22,26,31,07,15,97,1984,47905,9852300,109400,9200,1000
788,2014/10/7,01,21,28,29,30,15,6,41,1176,36782,23928600,251500,15200,1200
789,2014/10/14,04,05,11,16,31,19,14,59,1729,48034,9935500,169300,10000,900
790,2014/10/21,11,13,15,19,21,07,15,68,1550,43942,9668900,153200,11600,1000
791,2014/10/28,06,16,18,30,31,10,11,62,1570,42455,13336500,169900,11600,1100
792,2014/11/4,12,13,15,18,22,28,10,61,1302,40600,14266200,168000,13600,1100
793,2014/11/11,06,10,18,20,31,24,12,57,1748,43820,11972500,181000,10200,1000
794,2014/11/18,03,04,08,10,31,07,12,78,1750,45020,11801400,130400,10000,1000
795,2014/11/25,02,06,11,14,18,01,18,55,2238,55469,7669300,180300,7600,800
796,2014/12/2,03,10,19,21,30,07,13,99,1979,47352,11067300,104400,9000,900
797,2014/12/9,08,09,29,30,31,18,26,116,1801,43059,5509700,88700,9900,1000
798,2014/12/16,03,08,10,23,27,12,21,105,1949,52064,6884200,98900,9200,900
799,2014/12/23,01,02,17,19,26,24,7,47,1189,36729,20309600,217300,14800,1200
800,2014/12/30,01,19,20,22,25,02,9,50,1273,37688,16522900,213600,14500,1200
801,2015/1/6,05,07,20,22,25,17,12,76,1469,40814,10783000,122300,10900,1000
802,2015/1/13,05,09,21,29,31,06,17,50,1438,42233,8526900,208200,12500,1100
803,2015/1/20,02,04,18,19,27,23,11,82,1729,47249,13347200,128600,10500,1000
804,2015/1/27,07,08,09,12,29,26,11,59,1848,48354,13564600,181600,10000,1000
805,2015/2/3,08,09,11,17,30,03,13,104,1781,52077,11425300,102600,10300,900
806,2015/2/10,03,11,21,23,28,24,11,64,1815,50659,13518100,166900,10200,900
807,2015/2/17,05,07,13,17,19,03,12,68,1869,50337,12645500,160300,10100,900
808,2015/2/24,08,09,26,27,30,03,4,68,1671,46393,38078800,160900,11300,1000
809,2015/3/3,02,08,11,13,25,01,17,73,2479,57744,9000500,150500,7600,800
810,2015/3/10,06,12,15,16,31,17,17,43,1936,49546,8774600,249200,9500,900
811,2015/3/17,08,09,10,13,21,18,11,61,1737,48379,13448300,174200,10600,900
812,2015/3/24,02,16,17,22,25,13,12,79,1626,45193,12052400,131500,11000,1000
813,2015/3/31,03,06,09,14,15,17,25,64,2194,53832,5977800,167700,8400,900
814,2015/4/7,02,03,12,25,31,28,17,56,1725,47820,8501700,185400,10400,900
815,2015/4/14,20,21,26,27,28,03,6,44,1134,32538,23852200,233600,15700,1400
816,2015/4/21,01,05,07,14,18,12,28,78,2005,51281,5434600,140100,9400,900
817,2015/4/28,01,10,23,27,29,18,8,41,1232,38834,18724400,262400,15100,1200
818,2015/5/5,05,09,14,16,18,03,10,65,1667,42854,13373500,147800,9900,1000
819,2015/5/12,02,09,14,15,24,13,9,59,1667,45930,15897000,174200,10600,1000
820,2015/5/19,08,12,20,21,31,19,13,78,1694,44616,11053700,132300,10500,1000
821,2015/5/26,06,08,18,21,23,30,6,74,1701,46026,23806500,138600,10400,1000
822,2015/6/2,07,08,10,17,28,04,12,79,1761,48756,11927000,130100,10100,900
823,2015/6/9,06,10,14,18,23,09,15,91,1983,49037,9341400,110600,8700,900
824,2015/6/16,04,16,22,28,29,10,37,293,2260,50051,3968900,36000,8000,900
825,2015/6/23,03,08,12,21,26,19,27,117,2423,54706,5394200,89400,7400,800
826,2015/6/30,01,08,21,23,27,22,10,65,1512,45240,14783000,163300,12100,1000
827,2015/7/7,03,04,06,23,31,10,6,52,1352,44687,24525200,203200,13500,1000
828,2015/7/14,02,08,11,15,26,03,31,106,2373,52949,4599800,96600,7400,800
829,2015/7/21,08,12,19,23,31,06,17,119,2086,50215,8141300,83500,8200,800
830,2015/7/28,05,06,20,23,29,15,11,62,1457,43875,12729500,162200,11900,1000
831,2015/8/4,07,09,17,19,21,03,10,66,1487,42277,13815300,150300,11500,1000
832,2015/8/11,09,10,15,19,31,24,13,49,1410,39929,10466400,199400,12000,1100
833,2015/8/18,06,09,15,24,28,12,26,117,2029,46491,5422800,86500,8600,900
834,2015/8/25,05,13,21,25,26,02,10,88,1801,46865,14121600,115200,9700,900
835,2015/9/1,01,09,11,23,29,17,21,130,2123,51103,6986500,81000,8600,900
836,2015/9/8,05,15,20,28,29,10,10,70,1525,41612,14135300,145000,11500,1100
837,2015/9/15,04,05,09,24,25,31,15,64,1860,48999,9613900,161800,9600,900
838,2015/9/22,04,06,11,12,15,22,17,69,1782,48613,7871500,139300,9300,800
839,2015/9/29,02,06,14,27,30,12,19,77,2382,50971,7674700,136000,7600,900
840,2015/10/6,01,05,11,15,31,08,30,84,2098,50827,4744400,121700,8400,900
841,2015/10/13,05,06,07,13,18,08,11,45,1670,46907,12419100,218000,10100,900
842,2015/10/20,09,18,20,24,25,04,7,68,1462,42376,20543000,151900,12200,1100
843,2015/10/27,02,14,23,28,30,26,11,76,1794,45914,13206500,137300,10000,1000
844,2015/11/3,03,11,14,22,26,01,28,72,2442,53552,4897200,136800,6900,800
845,2015/11/10,03,10,22,24,30,28,12,51,1707,46473,11740300,198400,10200,900
846,2015/11/17,01,17,27,30,31,08,9,50,1300,35531,15513400,200600,13300,1200
847,2015/11/24,07,18,19,21,31,15,12,59,1605,40173,11345100,165700,10500,1100
848,2015/12/1,02,03,22,29,31,01,7,53,1326,42176,20067200,190400,13100,1000
849,2015/12/8,04,14,17,19,20,26,10,48,1215,37527,14063000,210400,14400,1200
850,2015/12/15,01,02,13,15,18,28,2,49,1338,39895,40000000,1595600,13700,1200
851,2015/12/22,10,19,20,24,31,23,6,60,1399,41317,24575100,176500,13100,1100
852,2015/12/29,02,09,15,18,22,12,15,50,2493,55565,10399800,224100,7700,900
853,2016/1/5,06,11,17,18,30,28,16,64,1981,47051,8329800,149600,8300,900
854,2016/1/12,03,16,22,23,31,10,23,116,2077,53025,6520800,92800,8900,900
855,2016/1/19,02,07,17,22,24,25,11,75,1835,48760,13440200,141600,10000,900
856,2016/1/26,01,10,15,24,29,09,14,80,1664,43832,10760500,135200,11200,1100
857,2016/2/2,02,04,21,24,28,29,7,42,1562,46038,21937200,262600,12200,1000
858,2016/2/9,06,14,15,25,26,22,16,50,2001,49135,9650200,221800,9600,1000
859,2016/2/16,13,17,19,28,31,25,10,72,1521,45517,15935200,159000,13000,1100
860,2016/2/23,08,09,21,30,31,07,23,101,2223,50587,6880300,112500,8800,1000
861,2016/3/1,04,08,12,17,27,03,18,75,2320,58184,8790000,151500,8400,800
862,2016/3/8,03,07,09,13,23,06,13,98,2226,56624,11963100,114000,8600,800
863,2016/3/15,01,02,11,27,28,21,15,50,1827,49322,10148300,218700,10300,1000
864,2016/3/22,14,18,26,28,30,08,5,64,1419,40758,29656700,166400,13000,1100
865,2016/3/29,03,08,16,17,31,09,9,71,2355,55998,16893400,153800,8000,800
866,2016/4/5,04,16,18,26,28,09,17,89,1677,48337,9056900,124200,11400,1000
867,2016/4/12,13,23,24,28,30,31,8,52,1283,40991,18976300,209700,14700,1200
868,2016/4/19,01,09,14,25,30,31,17,61,1750,44154,9124800,182600,11000,1100
869,2016/4/26,02,14,16,19,30,05,9,72,1612,45025,17352400,155800,12000,1100
870,2016/5/3,03,12,22,23,31,24,19,70,2353,52665,7642500,149000,7600,800
871,2016/5/10,04,17,24,27,31,19,21,78,2331,54399,7114400,137600,7900,800
872,2016/5/17,15,16,24,28,30,26,12,46,1972,53300,12375800,231900,9300,900
873,2016/5/24,04,06,10,23,29,03,16,68,1940,49099,9228500,155900,9400,900
874,2016/5/31,06,07,08,22,24,18,13,73,1663,47624,11486100,146900,11100,1000
875,2016/6/7,02,03,08,11,28,10,31,109,2753,61654,4770400,97400,6600,700
876,2016/6/14,18,19,20,21,27,15,7,45,1311,40193,20846400,232900,13800,1100
877,2016/6/21,05,14,20,22,23,16,11,55,1730,46561,13741200,197400,10800,1000
878,2016/6/28,02,03,08,28,29,26,13,64,2192,53338,11668900,170200,8600,900
879,2016/7/5,02,13,24,27,31,12,12,77,1832,48590,12665000,141700,10300,1000
880,2016/7/12,05,07,11,12,21,18,24,78,2409,55457,6226600,137600,7700,800
881,2016/7/19,10,11,17,29,30,15,17,81,1911,49490,8412500,126800,9300,900
882,2016/7/26,02,07,08,18,30,21,10,75,1917,51487,14563100,139400,9400,900
883,2016/8/2,01,17,18,21,25,23,6,39,1330,37388,24209500,267500,13500,1200
884,2016/8/9,07,10,22,27,31,02,9,83,1595,45975,15562600,121200,10900,900
885,2016/8/16,09,17,21,24,27,11,9,60,1585,45000,15847200,170700,11200,1000
886,2016/8/23,01,11,20,23,29,13,9,44,1605,42954,16226200,238400,11300,1100
887,2016/8/30,03,04,19,28,29,23,14,55,1751,48150,10717100,195900,10600,1000
888,2016/9/6,06,17,24,29,31,03,11,94,1876,48509,13520000,113600,9800,900
889,2016/9/13,05,06,12,17,22,23,13,79,1875,48574,11311900,133700,9700,900
890,2016/9/20,01,07,12,24,31,06,28,70,1949,45441,4956200,142400,8800,900
891,2016/9/27,10,17,29,30,31,25,7,35,1932,48025,21013900,301900,9400,900
892,2016/10/4,02,03,12,19,21,05,6,74,1740,47317,24463100,142400,10500,1000
893,2016/10/11,11,14,20,22,25,05,13,87,1662,44838,10949400,117500,10600,1000
894,2016/10/18,11,16,21,23,30,25,8,39,1730,47405,18528200,273000,10600,1000
895,2016/10/25,07,08,09,11,14,22,21,64,1772,48913,7073000,166700,10400,900
896,2016/11/1,11,13,16,17,26,30,8,58,1332,41767,18628800,184500,13900,1100
897,2016/11/8,16,17,18,23,31,29,5,57,1345,42416,29102600,183400,13400,1100
898,2016/11/15,05,07,20,24,25,17,8,91,1803,46866,18456900,116500,10100,1000
899,2016/11/22,01,07,19,20,31,29,24,62,1703,42822,6155900,171100,10800,1100
900,2016/11/29,01,15,18,22,25,29,6,40,1411,40249,24704000,266200,13000,1100
901,2016/12/6,02,10,13,23,24,27,11,68,1895,48512,13647000,158500,9800,1000
902,2016/12/13,06,08,16,22,28,27,11,72,2225,51266,13675900,150100,8400,900
903,2016/12/20,02,05,21,24,29,04,6,52,1678,50119,26177300,216900,11600,1000
904,2016/12/27,03,05,08,17,21,14,18,72,2235,56275,8964300,161000,8900,900
905,2017/1/10,04,17,18,22,27,10,19,80,2247,59030,9044100,154300,9500,900
906,2017/1/17,02,04,06,07,23,26,8,66,1795,53600,19387700,168800,10700,900
907,2017/1/24,03,04,10,22,31,06,12,66,2066,52223,12695700,165800,9100,900
908,2017/1/31,18,19,21,23,31,17,17,92,1684,46524,9298100,123400,11600,1100
909,2017/2/7,03,12,14,20,27,22,10,61,1750,47976,15532800,182900,11000,1000
910,2017/2/14,10,14,20,26,30,03,9,80,1487,42451,16973400,137100,12700,1100
911,2017/2/21,02,03,04,13,16,17,7,47,1495,48938,22609500,241900,13100,1000
912,2017/2/28,09,12,19,21,22,18,15,74,1680,48357,10724100,156100,11900,1000
913,2017/3/7,02,09,17,21,23,28,24,72,2186,52636,6538300,156500,8900,900
914,2017/3/14,02,07,15,19,24,22,22,69,2054,50030,6916900,158400,9200,900
915,2017/3/21,14,22,24,26,27,07,11,65,1321,41427,13224800,160700,13700,1100
916,2017/3/28,17,18,23,28,30,05,15,106,1681,49396,9996500,101600,11100,900
917,2017/4/4,01,09,10,24,27,13,21,65,1572,42884,7059300,163800,11700,1100
918,2017/4/11,16,20,22,27,29,30,5,36,1245,38025,28662500,285900,14300,1200
919,2017/4/18,04,07,09,15,23,11,12,127,2290,55044,12582800,85400,8200,800
920,2017/4/25,05,15,22,24,25,30,12,75,1801,49221,12658300,145500,10500,1000
921,2017/5/2,06,08,10,14,30,13,13,60,1985,52761,11675400,181700,9500,900
922,2017/5/9,02,13,14,21,22,07,8,82,1516,45865,18147700,127100,11900,1000
923,2017/5/16,08,20,21,22,27,19,9,59,1491,42871,16244800,178000,12200,1100
924,2017/5/23,02,07,08,14,23,15,20,114,2612,58438,7222800,91000,6800,800
925,2017/5/30,09,14,19,27,30,16,8,53,1814,45848,18097900,196200,9900,1000
926,2017/6/6,03,09,18,27,29,26,26,64,2346,50732,5506100,160700,7500,900
927,2017/6/13,01,06,07,17,18,16,11,69,1495,43960,13049200,149400,11900,1000
928,2017/6/20,04,09,11,19,23,22,16,105,2312,54487,9215200,100800,7900,800
929,2017/6/27,02,04,05,11,20,22,9,68,1816,51442,16453400,156400,10100,900
930,2017/7/4,09,14,24,25,27,16,12,57,1714,49396,12136700,183500,10500,900
931,2017/7/11,02,03,18,24,25,09,11,110,1841,50368,13286200,95400,9800,900
932,2017/7/18,01,03,14,17,19,23,8,71,1286,41211,17562600,142100,13600,1100
933,2017/7/25,03,04,22,26,29,05,6,65,1460,44474,23706000,157200,12100,1000
934,2017/8/1,03,07,08,11,13,04,15,85,2232,53777,9475800,120100,7900,800
935,2017/8/8,03,11,13,20,31,16,8,48,1376,41186,17283400,206900,12500,1000
936,2017/8/15,07,21,23,25,31,10,11,55,1299,39669,12396900,178100,13000,1100
937,2017/8/22,05,12,13,15,24,25,15,63,1599,47584,9476000,162000,11000,900
938,2017/8/29,04,09,16,21,22,01,25,61,2110,49604,5812500,171100,8500,900
939,2017/9/5,08,12,20,23,28,16,18,117,1917,49125,8136300,89900,9500,900
940,2017/9/12,04,09,25,27,28,12,10,96,1535,44948,14318100,107100,11600,1000
941,2017/9/19,03,11,12,15,28,17,16,79,2106,54036,8846800,128700,8300,800
942,2017/9/26,02,07,10,22,29,17,11,106,2271,54678,13176300,98200,7900,800
943,2017/10/3,04,11,18,28,30,10,21,69,2418,49269,6901800,150900,7400,900
944,2017/10/10,05,11,13,16,27,23,18,83,1988,49178,7771500,121000,8700,900
945,2017/10/17,14,17,21,25,31,15,6,42,1569,43437,23896800,245200,11300,1000
946,2017/10/24,05,14,24,28,29,20,9,43,1481,42947,15691700,235900,11800,1000
947,2017/10/31,03,07,19,24,27,16,24,114,2419,54817,5990900,90600,7400,800
948,2017/11/7,03,06,12,13,22,04,12,68,1752,48414,11865000,150400,10100,900
949,2017/11/14,01,02,05,06,21,25,7,62,1520,41044,19808100,160600,11300,1100
950,2017/11/21,05,08,12,14,28,01,15,77,2196,52567,9340200,130700,7900,800
951,2017/11/28,03,09,12,26,27,25,23,104,2441,54742,6122600,97200,7100,800
952,2017/12/5,04,10,15,16,18,08,11,35,1745,45823,12921100,291700,10100,1000
953,2017/12/12,04,05,09,22,29,02,3,84,1910,50251,40000000,375600,9200,900
954,2017/12/19,11,16,21,23,25,18,19,64,1606,45913,7857100,167500,11500,1000
955,2017/12/26,09,12,17,21,30,28,12,75,2019,49537,13043900,149900,9600,1000
956,2018/1/9,06,15,18,22,29,31,34,82,2425,55501,4740900,141200,8200,900
957,2018/1/16,02,15,26,29,31,03,6,79,1362,40932,24966700,136200,13600,1100
958,2018/1/23,03,10,15,17,19,20,11,41,1528,44348,13050100,251500,11600,1000
959,2018/1/30,02,03,09,14,19,15,14,53,1882,52351,10635900,201800,9800,900
960,2018/2/6,02,03,05,16,20,09,16,78,1610,46989,9235900,136100,11400,1000
961,2018/2/13,02,11,18,20,29,03,12,72,1650,44224,11653600,139500,10500,1000
962,2018/2/20,03,10,15,18,25,27,14,77,2295,53809,10564800,137900,8000,800
963,2018/2/27,04,07,17,21,28,10,21,93,2621,55730,7128200,115600,7100,800
964,2018/3/6,16,19,27,28,30,12,13,59,1294,39950,11301700,178900,14100,1100
965,2018/3/13,07,13,15,19,28,23,10,88,1881,46002,14405000,117600,9500,1000
966,2018/3/20,01,11,25,26,27,30,10,59,1328,39499,14329400,174400,13400,1100
967,2018/3/27,04,07,11,14,31,02,10,87,2158,50947,14385100,118700,8200,900
968,2018/4/3,01,05,10,20,24,03,11,73,1634,45238,13011700,140800,10900,1000
969,2018/4/10,01,04,18,24,27,06,11,77,1536,43490,12973900,133100,11500,1000
970,2018/4/17,02,04,19,27,28,07,20,126,1978,51738,7333600,83600,9200,900
971,2018/4/24,07,17,18,20,24,13,5,58,1570,43806,28779600,178200,11400,1000
972,2018/5/1,13,19,21,22,27,14,9,75,1601,43481,15894200,137000,11100,1000
973,2018/5/8,01,07,12,13,31,30,13,77,1520,42570,10898300,132100,11600,1000
974,2018/5/15,10,18,21,24,27,30,4,67,1674,44576,35806600,153500,10600,1000
975,2018/5/22,10,18,19,28,29,16,8,33,1460,41078,18231200,317500,12400,1100
976,2018/5/29,02,04,15,16,19,08,7,72,1520,45956,21427200,149600,12200,1000
977,2018/6/5,09,17,21,22,23,05,7,100,1750,47696,21213400,106600,10500,1000
978,2018/6/12,01,08,20,26,28,07,2,49,1386,40499,40000000,1582400,13200,1100
979,2018/6/19,01,10,23,25,28,12,2,63,1307,40811,40000000,1341300,14600,1200
980,2018/6/26,08,24,27,30,31,16,12,80,1704,50315,13016500,140200,11400,1000
981,2018/7/3,10,11,19,28,30,22,17,108,1971,53359,8847200,100000,9500,900
982,2018/7/10,05,08,20,22,27,24,15,49,1932,48965,9896900,217600,9500,900
983,2018/7/17,06,10,12,15,23,25,19,97,1935,49190,7528900,105900,9200,900
984,2018/7/24,02,04,05,16,27,14,13,72,1912,51345,10996700,142600,9300,900
985,2018/7/31,05,11,16,17,26,03,9,78,1625,45783,16245300,134600,11200,1000
986,2018/8/7,01,21,22,25,27,28,6,38,1303,39046,24112000,273500,13800,1200
987,2018/8/14,06,13,15,17,21,22,6,52,1453,38768,22599700,187300,11600,1100
988,2018/8/21,01,09,11,14,21,28,14,71,1689,46888,10715000,151700,11000,1000
989,2018/8/28,02,07,10,16,30,24,19,123,1832,49450,7937200,88000,10200,900
990,2018/9/4,03,09,17,23,25,13,40,102,2663,54874,3498700,98500,6500,800
991,2018/9/11,01,03,09,15,30,06,10,76,2060,49184,14608000,138000,8800,900
992,2018/9/18,01,14,17,20,31,24,13,44,1213,35793,11195000,237600,14900,1300
993,2018/9/25,01,04,24,29,30,10,8,58,1274,40754,18112700,179400,14100,1100
994,2018/10/2,07,08,19,27,31,26,12,62,2064,48955,12005300,166900,8600,900
995,2018/10/9,01,05,14,21,30,12,11,44,1623,43543,12669100,227500,10600,1000
996,2018/10/16,09,19,20,22,26,07,8,67,1337,39758,18389100,157700,13600,1200
997,2018/10/23,01,03,08,11,14,16,15,64,1896,52889,9783200,164700,9600,900
998,2018/10/30,01,07,19,20,25,27,13,71,2002,46263,11533000,151700,9300,1000
999,2018/11/6,06,17,18,20,29,26,9,56,1689,44377,16569900,191300,10900,1000
1000,2018/11/13,03,08,14,18,26,07,22,91,2307,50803,6796300,118000,8000,900
1001,2018/11/20,05,12,16,22,27,18,18,71,2371,52500,8161700,148600,7700,900
1002,2018/11/27,02,09,11,20,27,05,27,113,2516,56459,5512100,94600,7300,800
1003,2018/12/4,11,14,15,22,29,10,20,71,2007,51339,7485100,151400,9200,900
1004,2018/12/11,01,18,22,27,30,20,13,61,1733,47728,11354400,173800,10600,1000
1005,2018/12/18,05,13,18,26,31,11,49,68,2215,48005,3133300,162200,8600,1000
1006,2018/12/25,10,15,19,23,26,06,16,101,1662,47549,9896800,112600,11800,1000
1007,2019/1/8,02,10,11,25,31,17,28,75,2217,56470,6009200,161100,9400,900
1008,2019/1/15,03,04,22,26,27,11,5,94,1762,50773,29891900,114200,10500,900
1009,2019/1/22,02,08,17,23,27,04,21,100,2134,52637,7248000,109300,8800,900
1010,2019/1/29,10,17,20,21,30,15,9,48,1597,42664,17087200,230100,11900,1100
1011,2019/2/5,09,16,21,30,31,27,8,51,1591,43437,19187700,216200,12000,1100
1012,2019/2/12,01,13,18,26,29,08,16,101,1975,44054,9116400,103700,9100,1000
1013,2019/2/19,01,06,11,19,28,08,16,123,2465,56378,9402400,87800,7500,800
1014,2019/2/26,04,17,19,20,25,05,10,74,1596,44579,15455500,150000,12000,1100
1015,2019/3/5,03,05,06,20,25,27,11,70,1570,50229,13932700,157200,12100,900
1016,2019/3/12,05,21,23,25,27,22,5,48,1562,45992,30605000,229000,12100,1000
1017,2019/3/19,09,16,21,23,24,08,15,59,1626,45488,10211800,186500,11700,1000
1018,2019/3/26,13,16,23,27,29,15,4,42,1434,43156,37942900,259600,13100,1100
1019,2019/4/2,05,06,16,23,24,03,21,88,2007,50914,7325500,125500,9500,900
1020,2019/4/9,03,12,17,24,30,31,28,73,2256,54038,5419100,149300,8300,900
1021,2019/4/16,13,19,23,25,29,08,12,85,1539,45483,13091900,132700,12700,1100
1022,2019/4/23,05,13,24,27,29,22,20,74,2463,54032,7703800,149500,7700,900
1023,2019/4/30,02,12,22,23,26,25,16,58,1806,45801,9189700,182100,10100,1000
1024,2019/5/7,04,11,12,23,28,03,17,102,2469,56168,8619600,103200,7300,800
1025,2019/5/14,03,04,13,19,23,18,6,60,2112,53847,24847800,178500,8700,900
1026,2019/5/21,03,14,15,22,26,01,18,74,2090,50284,8252800,144200,8800,900
1027,2019/5/28,05,06,17,21,27,19,18,88,2398,55944,8300500,121900,7700,800
1028,2019/6/4,02,03,08,16,27,17,15,86,2369,58138,10052800,125900,7900,800
1029,2019/6/11,03,04,09,11,29,05,18,97,2562,61647,8287400,110400,7200,700
1030,2019/6/18,21,24,26,27,28,22,12,78,1191,36679,12925900,142800,16200,1300
1031,2019/6/25,05,08,17,21,23,15,26,71,2481,57264,5961500,156800,7700,800
1032,2019/7/2,01,09,14,21,26,29,9,78,1724,43939,17196200,142500,11100,1100
1033,2019/7/9,02,12,14,24,31,22,17,69,1512,44630,8972200,158800,12500,1100
1034,2019/7/16,12,22,27,28,29,10,8,48,1375,43244,18487900,221300,13300,1100
1035,2019/7/23,03,08,11,16,31,26,16,97,2178,55219,9247600,109500,8400,800
1036,2019/7/30,07,14,16,23,28,09,20,93,2263,49639,7329300,113200,8000,900
1037,2019/8/6,07,19,23,24,27,17,12,74,1843,50667,12012100,139900,9700,900
1038,2019/8/13,02,05,21,23,30,08,7,59,1450,43271,19465200,165900,11600,1000
1039,2019/8/20,04,19,22,24,30,12,9,66,1486,45104,16371600,160300,12300,1000
1040,2019/8/27,07,10,13,25,27,30,13,68,1911,50923,11660300,160100,9800,900
1041,2019/9/3,03,09,14,15,27,31,30,134,3371,63279,5111700,82200,5600,700
1042,2019/9/10,11,12,19,23,28,07,19,136,2134,54432,7833600,78600,8600,800
1043,2019/9/17,07,09,23,24,25,30,7,55,1798,49749,20638100,188700,10000,900
1044,2019/9/24,12,19,27,28,30,01,23,53,1843,47834,6293500,196200,9700,900
1045,2019/10/1,03,05,07,10,18,16,22,78,2276,53933,6722500,136200,8000,800
1046,2019/10/8,16,23,24,28,29,12,12,62,1469,46772,12091300,168100,12200,1000
1047,2019/10/15,08,12,19,25,26,09,19,88,2106,50487,7527300,116700,8400,900
1048,2019/10/22,01,08,11,19,23,12,18,92,1934,50243,7942800,111600,9200,900
1049,2019/10/29,02,16,21,26,31,27,9,45,1289,38533,16406500,235700,14200,1200
1050,2019/11/5,02,15,19,23,28,10,16,83,2165,51323,9282300,128500,8500,900
1051,2019/11/12,07,11,12,21,22,05,19,126,2079,52300,7839100,84900,8900,900
1052,2019/11/19,04,08,09,14,26,05,14,59,1761,48794,10341600,176200,10200,900
1053,2019/11/26,02,03,13,16,23,14,19,56,2108,53194,7684700,187300,8600,800
1054,2019/12/3,02,19,25,26,31,22,10,44,1541,42021,14934100,243800,12000,1100
1055,2019/12/10,01,05,18,19,21,09,10,65,1614,44771,15085000,166700,11600,1000
1056,2019/12/17,03,12,14,21,25,10,78,70,2167,52882,2001000,160100,8900,900
1057,2019/12/24,09,13,21,23,26,01,13,71,1735,50611,12342200,162300,11500,1000
1058,2020/1/7,02,16,19,24,27,20,49,95,3234,66435,3451000,127800,6500,800
1059,2020/1/14,02,11,13,16,18,03,7,60,1537,46907,21912000,183600,12400,1000
1060,2020/1/21,19,23,24,28,31,11,14,71,1837,51051,11259300,159400,10600,1000
1061,2020/1/28,05,10,19,23,28,09,32,103,2480,59622,4963500,110700,7900,800
1062,2020/2/4,14,18,23,29,31,17,14,39,1531,43562,11341700,292400,12900,1100
1063,2020/2/11,10,18,20,26,27,25,7,63,1345,40425,21236900,169500,13700,1100
1064,2020/2/18,01,05,08,28,29,07,12,62,1623,47892,13004000,180800,11900,1000
1065,2020/2/25,08,11,14,16,31,10,13,45,1543,45050,11880600,246500,12400,1100
1066,2020/3/3,15,17,20,22,23,21,12,43,1464,42864,12993200,260500,13200,1100
1067,2020/3/10,02,10,13,15,28,26,10,87,1820,48403,15201300,125500,10300,1000
1068,2020/3/17,02,03,20,24,31,09,13,70,1539,46404,11948300,159400,12500,1000
1069,2020/3/24,01,03,09,14,25,20,14,71,2159,53875,11007000,155900,8800,900
1070,2020/3/31,07,09,11,27,31,21,21,67,1943,51916,7345200,165300,9800,900
1071,2020/4/7,02,03,04,27,31,07,24,69,1608,48881,6406100,160000,11900,1000
1072,2020/4/14,03,04,10,12,13,31,12,55,1670,45168,11276800,176700,10000,900
1073,2020/4/21,02,13,21,24,30,14,3,58,1512,40045,40000000,366900,10800,1000
1074,2020/4/28,15,18,20,22,27,21,6,46,1213,33222,19353000,181300,11900,1100
1075,2020/5/5,04,11,13,16,31,06,10,50,1135,33385,10611700,152400,11600,1000
1076,2020/5/12,05,07,11,22,26,15,14,75,1893,44325,8805400,118000,8100,900
1077,2020/5/19,03,17,19,25,31,04,12,54,1648,42816,11265800,179800,10200,1000
1078,2020/5/26,03,10,16,17,25,24,17,85,1738,46839,8781000,126100,10600,1000
1079,2020/6/2,02,06,14,16,26,04,19,103,1970,50539,8123100,107600,9700,900
1080,2020/6/9,04,05,13,19,21,14,13,53,1895,49785,11939000,210300,10100,1000
1081,2020/6/16,02,03,04,24,25,08,21,88,2263,58053,7677200,131600,8800,900
1082,2020/6/23,01,02,14,19,29,05,15,63,1562,47209,11038300,188800,13100,1100
1083,2020/6/30,01,03,19,26,29,05,11,72,1699,47316,14782500,162200,11900,1100
1084,2020/7/7,11,19,28,29,31,02,10,89,1783,51241,16393900,132300,11400,1000
1085,2020/7/14,09,10,16,17,28,13,13,69,1872,50999,12553700,169900,10800,1000
1086,2020/7/21,02,18,19,28,30,16,14,61,1960,54230,11632600,191800,10300,900
1087,2020/7/28,01,03,04,09,16,28,10,88,2313,56871,15969100,130300,8500,900
1088,2020/8/4,02,08,14,17,26,04,27,101,2688,56893,5914500,113500,7300,900
1089,2020/8/11,03,13,18,19,22,29,15,74,1819,53091,10228600,148900,10500,900
1090,2020/8/18,04,12,15,22,25,10,15,63,1890,51803,10657600,182300,10500,1000
1091,2020/8/25,01,14,25,29,31,30,10,41,1436,44259,16273700,285100,14100,1100
1092,2020/9/1,09,13,14,19,22,25,18,65,1942,54119,9041500,179800,10400,900
1093,2020/9/8,02,12,17,23,30,08,17,105,2037,53411,9421800,109500,9700,900
1094,2020/9/15,03,05,08,14,22,21,19,74,2780,62172,8423100,155300,7100,800
1095,2020/9/22,04,10,16,21,24,06,20,93,2117,51353,7502200,115900,8800,900
1096,2020/9/29,01,02,12,20,22,08,12,68,1761,46435,13244400,167900,11200,1100
1097,2020/10/6,05,12,18,19,24,16,21,102,2308,54897,7519100,111200,8500,900
1098,2020/10/13,03,13,17,28,31,19,15,90,2213,55943,10384800,124300,8700,900
1099,2020/10/20,01,03,05,14,23,15,17,72,2302,57081,9340100,158400,8500,900
1100,2020/10/27,13,18,19,25,27,16,12,61,1919,51629,13185500,186300,10200,900
1101,2020/11/3,01,08,10,12,29,13,11,66,2001,50817,14094600,168700,9600,900
1102,2020/11/10,08,13,20,26,29,06,17,70,1607,43863,9283800,161900,12200,1100
1103,2020/11/17,01,06,07,21,31,18,10,50,1569,45522,15875700,228100,12500,1100
1104,2020/11/24,07,16,20,23,28,06,8,50,1851,44849,19111300,219600,10200,1100
1105,2020/12/1,04,11,16,21,26,09,25,99,1821,48628,6393900,115900,10900,1000
1106,2020/12/8,02,18,21,25,30,19,16,57,1762,46965,9816500,197900,11000,1000
1107,2020/12/15,07,10,16,18,29,05,15,66,1712,47820,10839600,176900,11800,1100
1108,2020/12/22,06,10,14,17,19,27,11,63,1760,48744,14890700,186700,11500,1000
1109,2020/12/29,07,15,17,26,27,08,16,75,1979,53903,10902000,167000,10900,1000
1110,2021/1/5,02,07,19,23,28,03,31,186,2831,56113,4633300,55400,6300,800
1111,2021/1/12,02,03,04,13,31,29,27,69,2517,56365,5747800,161500,7600,800
1112,2021/1/19,05,06,08,13,25,29,12,106,2131,55946,13432000,109200,9400,900
1113,2021/1/26,19,20,21,26,27,12,14,59,1387,42920,11518100,196300,14400,1200
1114,2021/2/2,07,18,21,25,26,12,16,100,2084,51318,10215300,117400,9700,1000
1115,2021/2/9,02,04,06,11,29,20,25,81,2269,59009,6514100,144400,8900,800
1116,2021/2/16,07,24,25,27,29,10,7,45,1596,49992,24007300,268200,13100,1000
1117,2021/2/23,04,13,22,27,30,19,14,118,1999,50044,11621600,99000,10100,1000
1118,2021/3/2,08,13,16,27,29,11,18,66,2288,54657,9251300,181200,9000,900
1119,2021/3/9,09,10,12,17,18,14,10,80,1874,51748,16530400,148400,10900,1000
1120,2021/3/16,02,10,11,17,31,26,22,91,2263,56884,7456700,129500,9000,900
1121,2021/3/23,13,19,21,24,25,16,13,72,1902,52556,12460500,161600,10600,1000
1122,2021/3/30,08,09,14,25,28,11,13,88,1976,52681,12813700,135900,10400,1000
1123,2021/4/6,07,17,26,28,29,24,12,57,1841,53622,14166000,214200,11400,1000
1124,2021/4/13,03,04,06,08,27,12,9,79,2107,61671,17882100,146300,9500,800
1125,2021/4/20,02,06,10,14,21,18,13,87,2031,53299,12916500,138600,10200,1000
1126,2021/4/27,06,08,20,30,31,25,10,58,1526,45249,16783500,207800,13600,1200
1127,2021/5/4,08,22,24,27,28,16,15,85,1626,48712,10405200,131900,11900,1000
1128,2021/5/11,04,07,13,24,30,02,12,95,2056,53295,13423000,121800,9700,900
1129,2021/5/18,05,09,16,29,30,12,27,110,1876,50409,5838500,102900,10400,1000
1130,2021/5/25,05,06,08,25,26,11,14,108,2182,56162,11387900,106000,9000,900
1131,2021/6/1,06,08,11,24,29,23,15,105,2771,63136,10713600,109900,7200,800
1132,2021/6/8,03,04,14,15,18,05,12,57,1560,47966,13059000,197500,12500,1000
1133,2021/6/15,14,17,23,28,30,07,17,89,1953,51871,10427900,143000,11300,1100
1134,2021/6/22,06,13,20,23,28,21,14,78,1885,49379,12157100,156700,11200,1100
1135,2021/6/29,07,19,21,23,28,24,19,89,2606,58054,8999100,138000,8100,900
1136,2021/7/6,11,15,20,22,23,04,11,82,1771,48715,15440200,148800,11900,1100
1137,2021/7/13,07,08,21,25,31,14,8,79,1773,52896,20626500,150000,11500,1000
1138,2021/7/20,14,20,23,28,29,27,10,42,2045,51377,16293400,278700,9900,1000
1139,2021/7/27,12,16,17,24,31,22,16,50,1739,48162,10096300,232100,11500,1000
1140,2021/8/3,07,11,17,19,28,25,18,111,2448,59660,8932400,104000,8100,800
1141,2021/8/10,09,12,17,18,27,22,13,69,1966,52495,11911000,161200,9800,900
1142,2021/8/17,11,23,25,29,30,18,13,53,1684,53180,13383900,235800,12800,1000
1143,2021/8/24,03,04,16,19,27,23,27,141,2501,60839,6536500,89900,8700,900
1144,2021/8/31,04,11,14,21,30,27,12,86,1990,55520,14938600,149700,11200,1000
1145,2021/9/7,11,14,20,28,31,12,15,85,2009,56774,11958100,151600,11100,1000
1146,2021/9/14,04,05,11,29,30,24,20,72,2571,62879,8773900,175000,8400,900
1147,2021/9/21,06,08,23,27,29,21,22,104,2842,65376,7872300,119600,7500,800
1148,2021/9/28,01,03,06,15,19,10,13,89,1767,53134,13657900,143300,12500,1000
1149,2021/10/5,05,12,14,15,20,07,10,64,1557,47146,17310200,194300,13800,1100
1150,2021/10/12,01,10,13,27,29,14,17,70,1684,49882,9949000,173500,12500,1100
1151,2021/10/19,14,18,21,30,31,09,7,71,1540,47665,24345000,172400,13700,1100
1152,2021/10/26,02,12,14,23,27,21,20,91,2405,62070,8522900,134500,8800,800
1153,2021/11/2,17,25,27,29,30,15,10,93,1585,51396,17157800,132500,13400,1000
1154,2021/11/9,09,10,12,21,24,27,16,70,2087,52983,10500100,172400,10000,1000
1155,2021/11/16,01,09,13,16,19,18,32,41,1603,45928,5298700,297100,13100,1200
1156,2021/11/23,01,03,14,27,30,07,11,93,2221,56211,14665200,124600,9000,900
1157,2021/11/30,02,06,07,13,30,17,14,69,1825,52625,11975200,174500,11400,1000
1158,2021/12/7,01,14,23,25,26,29,10,49,1485,45129,16795300,246200,14000,1200
1159,2021/12/14,11,12,14,18,31,06,4,66,1710,51704,40000000,292700,12100,1000
1160,2021/12/21,07,19,22,24,31,21,13,54,2011,53107,13510700,233600,10800,1000
1161,2021/12/28,03,09,13,17,24,29,23,146,2613,64292,7869700,89000,8600,900
1162,2022/1/4,02,21,23,24,29,11,17,91,1620,46475,8449800,113400,11000,1000
1163,2022/1/11,02,09,11,22,29,03,63,174,3615,72873,2948800,76700,6300,800
1164,2022/1/18,04,09,19,26,31,25,14,76,1917,52925,12513100,165500,11300,1000
1165,2022/1/25,05,13,16,27,31,24,12,128,2289,57827,14776300,99500,9600,900
1166,2022/2/1,06,11,14,17,25,24,32,123,3246,69778,5627200,105100,6900,800
1167,2022/2/8,02,14,21,27,30,23,36,142,3288,67181,4847200,88200,6600,800
1168,2022/2/15,05,13,14,24,31,02,12,125,2261,58120,14563100,100400,9600,900
1169,2022/2/22,01,07,09,21,27,13,20,93,2195,59767,8914500,137700,10100,900
1170,2022/3/1,02,16,18,20,28,29,10,50,1732,49618,17659700,253700,12600,1100
1171,2022/3/8,01,03,06,16,23,31,33,95,2029,54355,5304200,132300,10700,1000
1172,2022/3/15,11,24,26,28,29,22,8,74,1632,53586,21837300,169600,13300,1000
1173,2022/3/22,03,04,13,16,27,09,28,116,2708,60332,5926500,102700,7600,800
1174,2022/3/29,05,06,21,29,30,27,13,90,2133,58241,14017800,145400,10600,1000
1175,2022/4/5,01,07,15,16,29,02,13,63,1969,52590,13399000,198600,11000,1000
1176,2022/4/12,01,12,20,27,29,17,10,52,1581,47513,17110400,236300,13400,1100
1177,2022/4/19,03,10,16,21,30,07,19,87,2238,54326,9097400,142700,9600,1000
1178,2022/4/26,01,05,09,13,22,31,7,85,2079,55768,24472900,144700,10200,1000
1179,2022/5/3,18,19,20,25,30,27,7,50,1319,40788,23567700,237000,15500,1300
1180,2022/5/10,13,15,16,26,29,27,27,91,1823,51706,6269300,133600,11500,1000
1181,2022/5/17,02,09,13,16,22,15,22,47,2276,56381,7636200,256700,9100,900
1182,2022/5/24,07,10,20,22,28,21,9,69,1681,47520,18384100,172200,12200,1100
1183,2022/5/31,03,07,09,14,15,23,16,109,2242,59050,10548500,111200,9300,900
1184,2022/6/7,05,08,12,19,27,15,57,99,3363,66839,2908100,120200,6100,800
1185,2022/6/14,01,14,16,17,22,04,19,57,1518,46749,8687100,208000,13500,1100
1186,2022/6/21,09,13,15,24,28,17,20,89,2129,56344,8371300,135100,9700,900
1187,2022/6/28,03,05,06,11,23,16,19,89,2794,67811,8651200,132600,7300,700
1188,2022/7/5,02,25,26,29,31,06,14,61,1920,49889,11778900,194200,10600,1000
1189,2022/7/12,06,07,16,17,22,09,12,72,1710,51328,13370900,160000,11600,1000
1190,2022/7/19,03,20,23,24,28,29,9,47,1592,46822,17421200,239600,12200,1000
1191,2022/7/26,11,16,20,25,26,07,3,66,1428,41459,40000000,761000,13800,1200
1192,2022/8/2,04,10,11,22,31,28,16,96,2353,55583,10144100,121400,8500,900
1193,2022/8/9,01,04,08,11,20,15,15,66,1989,49219,10481600,171100,9800,1000
1194,2022/8/16,03,05,07,18,20,30,16,68,2059,52405,9978300,168600,9600,900
1195,2022/8/23,03,10,11,13,14,04,11,92,1747,53032,15079700,129500,11800,1000
1196,2022/8/30,01,05,17,19,23,26,22,96,1942,52136,7559600,124400,10600,1000
1197,2022/9/6,07,09,17,26,27,24,10,74,2097,53745,16695400,162000,9900,1000
1198,2022/9/13,10,11,17,30,31,01,23,134,2189,53955,7243500,89300,9400,1000
1199,2022/9/20,06,13,19,23,28,10,18,78,2473,53773,8748900,145000,7900,900
1200,2022/9/27,02,16,18,22,24,04,19,95,2199,55211,8488300,121900,9100,900
1201,2022/10/4,01,02,16,23,30,08,16,92,2064,48041,10221700,127700,9800,1100
1202,2022/10/11,04,05,15,27,30,12,15,89,1739,49039,10497900,127100,11200,1000
1203,2022/10/18,04,07,08,12,19,23,18,125,2572,60703,9031100,93400,7800,800
1204,2022/10/25,05,10,12,18,20,04,19,51,1868,52354,8543900,228600,10800,1000
1205,2022/11/1,11,12,16,24,28,20,19,76,2453,57828,8665000,155600,8300,900
1206,2022/11/8,07,09,12,14,30,19,15,78,1976,55731,11155300,154100,10500,900
1207,2022/11/15,02,08,14,25,28,07,22,115,2495,56104,7509200,103200,8200,900
1208,2022/11/22,05,10,15,16,27,26,21,80,2282,57110,7784300,146800,8900,900
1209,2022/11/29,12,14,17,27,28,29,14,63,1886,52071,11440500,182600,10500,1000
1210,2022/12/6,14,26,27,30,31,10,14,80,1641,47365,11633300,146200,12300,1100
1211,2022/12/13,04,08,16,25,26,12,25,141,2301,55884,6595700,84000,8900,900
1212,2022/12/20,14,19,23,30,31,26,14,57,1791,48387,11965900,211100,11600,1100
1213,2022/12/27,17,21,23,25,26,06,8,70,1425,45377,21753300,178600,15200,1200
1214,2023/1/10,05,09,10,19,26,02,22,83,2239,60851,8762100,166800,10700,1000
1215,2023/1/17,01,02,03,05,20,06,12,119,2655,52623,14095300,102100,7900,1000
1216,2023/1/24,10,12,18,25,28,13,12,69,1852,51016,13678000,170800,11000,1000
1217,2023/1/31,08,10,14,20,25,30,16,67,1877,50008,10427500,178800,11000,1000
1218,2023/2/7,01,03,04,07,11,16,38,85,3026,68417,4498800,144400,7000,800
1219,2023/2/14,09,10,13,21,29,11,12,68,1950,51344,13498600,171100,10300,1000
1220,2023/2/21,02,05,11,12,30,16,26,111,2906,69529,6357400,106900,7000,700
1221,2023/2/28,04,11,13,21,26,19,23,101,2000,52111,7226200,118200,10300,1000
1222,2023/3/7,04,18,23,26,28,07,15,62,1682,48030,11177000,194200,12400,1100
1223,2023/3/14,01,11,21,26,31,25,30,88,2747,46445,5362800,131300,7200,1100
1224,2023/3/21,01,05,08,11,22,14,27,74,2696,64549,6332900,166000,7800,800
1225,2023/3/28,01,07,15,29,31,19,17,55,1861,46592,9503500,211000,10800,1100
1226,2023/4/4,02,05,13,18,21,04,16,84,2205,53785,10211900,139700,9200,900
1227,2023/4/11,01,05,11,20,26,14,32,109,4073,64603,5034200,106100,4900,800
1228,2023/4/18,01,04,18,19,26,22,12,70,2184,56686,13997700,172300,9500,900
1229,2023/4/25,01,05,07,12,27,26,21,99,2673,63918,7891900,120200,7700,800
1230,2023/5/2,04,18,21,22,23,28,10,86,1707,49953,16895400,141100,12300,1100
1231,2023/5/9,01,14,20,21,31,05,16,87,1726,45837,10109100,133500,11600,1100
1232,2023/5/16,04,05,17,27,29,06,18,88,2083,54270,9049100,132900,9700,900
1233,2023/5/23,03,08,17,19,23,22,24,84,2419,57628,6570900,134800,8100,800
1234,2023/5/30,04,14,15,27,28,22,27,80,1978,50903,5847800,141700,9900,1000
1235,2023/6/6,08,12,17,22,28,05,12,133,1970,52327,13407000,86900,10100,1000
1236,2023/6/13,01,18,19,30,31,29,12,53,1668,44679,13032400,211900,11600,1100
1237,2023/6/20,02,09,10,25,31,18,14,94,1838,48832,11521300,123200,10900,1000
1238,2023/6/27,13,16,19,21,25,29,10,66,1692,44941,16172800,176000,11900,1100
1239,2023/7/4,07,09,11,18,30,01,25,109,2336,58781,6505800,107200,8600,900
1240,2023/7/11,13,15,20,27,30,06,7,81,1372,42297,22829200,141700,14500,1200
1241,2023/7/18,01,02,03,07,27,11,20,124,2008,54457,7709000,89300,9500,900
1242,2023/7/25,05,07,18,19,27,29,15,78,2603,61077,10421700,143900,7400,800
1243,2023/8/1,02,04,13,15,20,24,8,68,1561,44516,19592300,165500,12500,1100
1244,2023/8/8,02,06,09,11,19,22,24,116,2662,60313,6581500,97800,7300,800
1245,2023/8/15,10,11,16,29,30,19,15,58,1865,47981,9906500,184000,9900,1000
1246,2023/8/22,16,17,20,21,28,18,3,42,1474,42165,40000000,1143400,13200,1200
1247,2023/8/29,09,15,23,26,30,19,16,71,1682,47273,10082000,163200,11900,1100
1248,2023/9/5,02,04,05,14,25,24,14,128,1972,56297,11624900,91300,10200,900
1249,2023/9/12,07,09,11,14,21,27,22,102,2200,57308,7177800,111200,8900,800
1250,2023/9/19,02,12,13,19,23,27,10,95,1897,53637,15493300,117100,10100,900
1251,2023/9/26,03,04,05,30,31,17,26,66,1696,49820,6117200,173100,11600,1000
1252,2023/10/3,01,04,11,25,30,10,23,104,2946,58681,6966500,110600,6700,800
1253,2023/10/10,01,11,17,19,25,28,17,83,1772,50069,8898300,130900,10600,900
1254,2023/10/17,01,05,12,17,28,14,25,70,2587,58893,6557400,168200,7800,900
1255,2023/10/24,02,03,04,17,23,12,13,102,2197,56954,12054800,110300,8800,800
1256,2023/10/31,07,08,14,19,21,23,20,102,2180,55216,7891400,111100,9000,900
1257,2023/11/7,08,13,19,22,24,21,16,66,1832,50260,10097900,175800,10900,1000
1258,2023/11/14,03,06,12,19,30,13,25,62,2336,54661,6260100,181300,8300,900
1259,2023/11/21,01,13,17,18,22,25,8,65,1570,43922,19362900,171200,12200,1100
1260,2023/11/28,02,04,14,21,29,12,6,85,2094,54322,26352100,133600,9400,900
1261,2023/12/5,19,21,25,29,31,07,10,64,1284,41327,16214300,182000,15700,1200
1262,2023/12/12,11,16,18,19,29,31,10,60,1772,50061,16134000,193100,11300,1000
1263,2023/12/19,01,02,15,25,28,05,11,88,1640,47720,15404900,138300,12800,1100
1264,2023/12/26,02,07,10,22,27,24,22,84,2516,58064,7801600,146700,8400,900
1265,2024/1/9,08,09,11,15,31,17,12,72,2185,56888,14843900,177700,10100,1000
1266,2024/1/16,01,16,22,23,31,18,9,57,1654,46580,18389400,208500,12400,1100
1267,2024/1/23,13,15,18,20,29,17,6,55,1483,44516,27226400,213300,13700,1100
1268,2024/1/30,09,11,14,22,29,31,31,102,2799,62690,5371900,117200,7400,800
1269,2024/2/6,05,10,16,20,21,14,17,71,1782,48487,9537400,164000,11300,1000
1270,2024/2/13,02,07,16,19,26,20,14,54,2044,52786,11400500,212300,9700,900
1271,2024/2/20,16,17,19,22,23,24,13,63,1670,48376,12742600,188900,12300,1100
1272,2024/2/27,03,07,14,21,30,13,32,85,2530,56312,5039800,136300,7900,900
1273,2024/3/5,07,18,20,22,23,05,13,77,1696,48005,12579000,152500,12000,1100
1274,2024/3/12,01,07,08,10,14,18,10,51,1781,50153,15989000,225200,11100,1000
1275,2024/3/19,06,11,12,13,14,05,6,57,1690,50378,27749900,209800,12200,1000
1276,2024/3/26,04,09,13,16,31,27,7,111,1953,49556,22342300,101200,9900,1000
1277,2024/4/2,02,13,18,22,28,30,16,57,2112,52891,10201300,205700,9600,1000
1278,2024/4/9,03,10,19,21,31,29,16,73,2094,52583,9891400,155700,9400,900
1279,2024/4/16,01,14,18,22,28,26,17,87,2098,52996,9647500,135400,9700,1000
1280,2024/4/23,07,09,14,17,20,13,11,65,1751,50278,14759600,179400,11500,1000
1281,2024/4/30,04,10,15,18,24,05,15,79,1917,50044,10582100,144300,10300,1000
1282,2024/5/7,02,22,23,30,31,29,14,75,1901,50983,11337700,152000,10300,1000
1283,2024/5/14,01,11,25,29,31,03,14,65,2013,51403,11168500,172800,9600,900
1284,2024/5/21,04,11,23,28,31,22,9,89,2130,53345,17401100,126400,9100,900
1285,2024/5/28,04,05,18,23,25,11,16,96,1833,50721,9649700,115500,10400,900
1286,2024/6/4,09,10,12,13,30,25,10,59,1547,46866,15853000,193000,12700,1100
1287,2024/6/11,10,12,23,26,30,22,13,71,1718,44776,12012200,158000,11300,1100
1288,2024/6/18,04,12,14,16,22,08,8,92,1555,47550,19482100,121700,12400,1000
1289,2024/6/25,17,18,21,27,30,03,10,68,1517,46566,16096400,170000,13200,1100
1290,2024/7/2,21,26,27,29,31,07,14,53,1399,38811,11602300,220100,14400,1300
1291,2024/7/9,01,02,08,11,29,19,17,104,2146,58272,9326100,109500,9100,800
1292,2024/7/16,06,11,21,23,25,27,9,54,1694,47825,16989200,203400,11200,1000
1293,2024/7/23,06,08,10,20,28,15,14,71,1801,47288,11080200,156900,10700,1000
1294,2024/7/30,08,21,22,27,29,01,10,48,1819,50252,15742100,235600,10700,1000
1295,2024/8/6,04,11,12,21,26,28,23,93,2362,55692,6714000,119200,8100,900
1296,2024/8/13,09,13,18,19,21,06,12,73,1620,46005,12228200,144400,11200,1000
1297,2024/8/20,01,12,17,21,28,31,5,59,1687,45198,31218800,190000,11500,1100
1298,2024/8/27,02,04,12,13,17,29,9,55,1836,51571,17357800,204000,10500,900
1299,2024/9/3,03,04,09,11,18,07,27,116,2911,70737,5971300,99800,6800,700
1300,2024/9/10,01,04,16,27,31,15,17,78,1610,47039,9436300,147700,12400,1100
1301,2024/9/17,13,15,25,26,27,17,9,51,1510,42174,17427300,220900,12900,1200
1302,2024/9/24,06,11,12,17,24,04,21,116,2428,60421,7571500,98400,8100,800
1303,2024/10/1,07,14,17,30,31,22,17,118,1984,52693,9460300,97900,10000,900
1304,2024/10/8,03,04,06,20,31,02,11,33,1381,42786,14104000,337700,13900,1100
1305,2024/10/15,07,12,14,29,30,04,17,91,1973,52224,9318200,125000,9900,900
1306,2024/10/22,05,07,27,28,29,16,16,83,1806,51258,9850600,136400,10800,1000
1307,2024/10/29,11,13,16,18,20,19,17,79,1470,42318,9124100,141000,13100,1100
1308,2024/11/5,03,08,12,16,22,29,22,125,2335,56299,7198800,91000,8400,900
1309,2024/11/12,06,12,25,27,29,22,5,53,1850,49424,31146600,211000,10400,1000
1310,2024/11/19,13,14,19,24,28,03,12,75,1812,49142,13000800,149400,10700,1000
1311,2024/11/26,03,11,27,28,31,26,17,66,2163,56360,9262100,171300,9000,900
1312,2024/12/3,10,12,13,21,31,23,14,89,1884,48525,11538300,130300,10600,1000
1313,2024/12/10,02,05,09,22,31,15,11,98,1884,52311,14439300,116400,10400,900
1314,2024/12/17,18,20,21,23,30,25,12,56,1503,44942,13519900,208100,13400,1100
1315,2024/12/24,06,15,22,29,30,13,5,77,1879,52042,33339700,155500,11000,1000
1316,2025/1/7,04,07,10,11,17,23,18,138,3201,71597,10244200,95900,7100,800
1317,2025/1/14,07,22,26,30,31,11,27,109,1708,46649,5887800,104700,11500,1100
1318,2025/1/21,05,07,15,24,29,12,16,107,1874,51563,9912400,106400,10500,1000
1319,2025/1/28,04,06,16,26,29,31,16,79,1816,49195,9926900,144400,10800,1000
1320,2025/2/4,02,03,07,25,28,04,20,76,2264,60443,8100700,153100,8900,800
1321,2025/2/11,01,05,06,24,25,11,8,96,1880,48808,19262900,115300,10200,1000
1322,2025/2/18,05,16,18,22,28,06,12,72,1959,50231,13612300,162900,10300,1000
1323,2025/2/25,04,09,18,24,25,15,15,77,2163,53795,10662700,149200,9200,900
1324,2025/3/4,05,06,14,20,27,01,10,67,1842,49450,16151000,173100,10900,1000
1325,2025/3/11,10,15,22,23,25,13,13,64,1494,46286,12476500,182000,13500,1100
1326,2025/3/18,04,09,15,19,26,03,17,88,1944,48637,9062300,125700,9800,1000
1327,2025/3/25,04,09,26,27,29,16,14,100,1736,49881,11145300,112000,11100,1000
1328,2025/4/1,01,12,15,27,31,18,11,54,1720,46806,14222600,208100,11300,1000
1329,2025/4/8,05,06,08,21,30,23,11,66,1903,52101,14312600,171300,10300,900
1330,2025/4/15,01,13,24,25,31,11,13,60,1627,45905,12140500,188900,12000,1100
1331,2025/4/22,09,11,13,27,28,16,21,91,2367,56200,7479000,123900,8200,900
1332,2025/4/29,12,16,17,20,25,28,10,63,1389,40962,15169000,172900,13500,1200
1333,2025/5/6,07,11,18,25,26,06,17,83,2406,56247,8873100,130500,7800,800
1334,2025/5/13,03,08,21,27,29,16,12,113,2094,54335,13049800,99500,9300,900
1335,2025/5/20,12,17,18,22,31,30,9,60,1624,45231,16859700,181600,11600,1000
1336,2025/5/27,03,20,21,24,25,26,8,40,1678,42228,19389800,278500,11500,1100
1337,2025/6/3,03,11,17,20,22,14,13,77,1888,50893,12051400,146100,10300,1000
1338,2025/6/10,13,18,21,28,31,11,19,83,1971,46523,8041800,132200,9600,1000
1339,2025/6/17,06,14,21,23,31,22,24,79,1640,46153,6537500,142600,11900,1100
1340,2025/6/24,08,19,22,24,27,25,8,56,1960,51905,19233600,197300,9700,900
1341,2025/7/1,05,12,16,24,28,31,51,92,2789,54974,3147900,125300,7100,900
1342,2025/7/8,01,09,13,19,23,11,14,68,1773,47482,11182500,165400,10900,1000
1343,2025/7/15,04,13,22,29,30,09,14,114,1995,51703,10913700,96200,9500,900
1344,2025/7/22,02,05,21,24,28,12,17,111,1721,51191,8751600,96200,10700,900
1345,2025/7/29,03,11,14,30,31,28,15,108,2418,59577,10253200,102300,7900,800
1346,2025/8/5,05,16,20,23,30,02,11,67,1658,44855,14086300,166100,11600,1100
1347,2025/8/12,04,16,18,27,31,24,9,92,1879,48750,16506100,116000,9800,900
1348,2025/8/19,04,16,20,26,28,29,6,47,1548,42242,25420500,233100,12200,1100
1349,2025/8/26,02,03,15,28,29,20,10,51,1864,50869,15486700,218100,10300,900
1350,2025/9/2,02,03,11,22,28,15,24,115,2648,63949,6694900,100300,7500,800
1351,2025/9/9,04,09,10,19,29,06,20,98,2407,55326,7955500,116600,8200,900
1352,2025/9/16,05,08,10,11,29,27,24,87,2398,58351,6375200,126300,7900,800
1353,2025/9/23,06,11,13,14,18,05,15,67,1512,45382,9947500,159900,12200,1000
1354,2025/9/30,11,13,15,16,26,02,14,56,1449,42528,11067500,198700,13300,1100
1355,2025/10/7,03,06,10,23,27,15,19,119,2049,55242,8427800,96600,9700,900
1356,2025/10/14,06,07,20,22,24,05,10,54,1386,41624,14858700,197600,13300,1100
1357,2025/10/21,07,09,21,25,28,15,16,82,2237,54912,9659900,135400,8600,900
1358,2025/10/28,01,06,22,27,29,28,15,48,1613,48176,10226000,229500,11800,1000
1359,2025/11/4,01,03,15,16,20,13,9,42,1404,40512,17120200,263500,13600,1200
1360,2025/11/11,04,18,20,24,29,31,7,57,1731,45891,22132200,195200,11100,1000
1361,2025/11/18,20,25,26,27,30,13,8,39,1242,35706,19064800,280900,15200,1300
1362,2025/11/25,06,12,13,17,26,18,8,78,1790,47791,18773800,138300,10400,1000
1363,2025/12/2,06,12,16,19,31,25,4,84,1616,46746,39686100,135700,12200,1100
1364,2025/12/9,01,03,10,27,31,19,13,74,1875,50409,12201000,153900,10500,1000
1365,2025/12/16,03,10,20,25,27,24,15,81,1992,53057,10767900,143200,10000,900
1366,2025/12/23,03,19,20,21,28,13,11,81,1911,51125,15390400,150100,11000,1000
1367,2025/12/30,17,21,27,28,29,02,11,74,1721,52498,15369600,164100,12200,1000
1368,2026/1/6,07,08,20,25,26,24,37,70,1732,44835,4065300,154300,10800,1000
1369,2026/1/13,01,02,03,05,11,26,13,59,3372,61517,12487700,197600,5900,800
1370,2026/1/20,01,05,12,24,31,21,22,82,2300,54254,7312400,140900,8700,900
1371,2026/1/27,03,10,12,20,31,11,23,88,2550,55996,6854400,128700,7600,900
1372,2026/2/3,04,14,21,24,31,05,28,60,1909,49195,5752900,192800,10500,1000
1373,2026/2/10,07,08,21,28,29,26,37,42,1840,49722,4214100,266700,10500,1000
1374,2026/2/17,10,16,21,29,30,20,15,74,1581,45537,10696400,155700,12600,1100
1375,2026/2/24,01,03,11,16,20,04,11,64,2267,58037,14317800,176700,8600,800
1376,2026/3/3,01,09,11,22,29,03,30,140,2522,57034,5293000,81400,7800,900
1377,2026/3/10,03,13,19,29,31,30,17,88,2111,55217,9484200,131600,9500,900
1378,2026/3/17,04,15,18,30,31,23,13,92,1728,50621,12304100,124900,11500,1000
1379,2026/3/24,12,15,18,25,28,06,8,82,1658,45728,19593500,137300,11700,1100
1380,2026/3/31,01,10,12,19,21,14,17,65,1818,48611,9170700,172300,10600,1000
1381,2026/4/7,02,03,04,20,28,12,13,85,1715,53851,12125500,133200,11400,900
1382,2026/4/14,12,20,24,30,31,25,22,49,1602,46117,7000800,225800,11900,1000
1383,2026/4/21,09,18,19,29,31,10,17,72,1947,48923,9290500,157500,10000,1000
1384,2026/4/28,07,12,13,17,29,22,12,77,1840,51879,13086100,146500,10600,900
1385,2026/5/5,01,10,21,28,31,11,22,340,2058,52216,6926000,32100,9200,900
1386,2026/5/12,12,21,25,27,31,28,15,72,1898,52598,10434600,156100,10200,900
1387,2026/5/19,01,10,17,20,31,23,14,54,2225,50402,11135800,207400,8700,1000
1388,2026/5/26,01,12,16,22,23,21,10,60,1541,45383,15621100,187000,12600,1100
1389,2026/6/2,05,10,12,29,30,20,24,99,2310,59073,6743100,117400,8700,800
1390,2026/6/9,03,06,23,25,27,24,13,41,1744,49312,12019300,273700,11100,1000
1391,2026/6/16,04,17,24,28,29,07,23,138,2279,57170,7049300,84400,8800,900
1392,2026/6/23,11,17,20,23,29,25,8,62,2087,50139,19736700,182900,9400,1000
1393,2026/6/30,03,09,11,14,28,20,17,90,2608,61895,9499700,128900,7700,800
1394,2026/7/7,02,08,10,22,31,14,18,86,2235,57557,9292400,139700,9300,900
1395,2026/7/14,20,25,26,27,31,17,14,43,1482,40747,11115600,259900,13000,1200
1396,2026/7/21,04,08,09,16,30,21,8,95,1903,49676,19277700,116600,10000,1000
1397,2026/7/28,03,06,14,20,31,17,21,87,1779,51536,7299700,126500,10700,900
1398,2026/8/4,15,16,26,27,31,12,7,53,1346,42355,22278000,211300,14400,1100
